distribution,algorithm,seed,minute,cumulative_score,minute_score
Random,CPFA,1,1,5,5
Random,CPFA,1,2,11,6
Random,CPFA,1,3,17,6
Random,CPFA,1,4,21,4
Random,CPFA,1,5,25,4
Random,CPFA,1,6,31,6
Random,CPFA,1,7,37,6
Random,CPFA,1,8,44,7
Random,CPFA,1,9,49,5
Random,CPFA,1,10,59,10
Random,CPFA,1,11,69,10
Random,CPFA,1,12,77,8
Random,CPFA,2,1,8,8
Random,CPFA,2,2,13,5
Random,CPFA,2,3,22,9
Random,CPFA,2,4,28,6
Random,CPFA,2,5,30,2
Random,CPFA,2,6,37,7
Random,CPFA,2,7,46,9
Random,CPFA,2,8,54,8
Random,CPFA,2,9,60,6
Random,CPFA,2,10,69,9
Random,CPFA,2,11,76,7
Random,CPFA,2,12,81,5
Random,CPFA,3,1,8,8
Random,CPFA,3,2,18,10
Random,CPFA,3,3,23,5
Random,CPFA,3,4,31,8
Random,CPFA,3,5,38,7
Random,CPFA,3,6,41,3
Random,CPFA,3,7,45,4
Random,CPFA,3,8,51,6
Random,CPFA,3,9,55,4
Random,CPFA,3,10,60,5
Random,CPFA,3,11,63,3
Random,CPFA,3,12,68,5
Random,CPFA,4,1,9,9
Random,CPFA,4,2,17,8
Random,CPFA,4,3,24,7
Random,CPFA,4,4,29,5
Random,CPFA,4,5,34,5
Random,CPFA,4,6,35,1
Random,CPFA,4,7,40,5
Random,CPFA,4,8,45,5
Random,CPFA,4,9,57,12
Random,CPFA,4,10,67,10
Random,CPFA,4,11,71,4
Random,CPFA,4,12,75,4
Random,CPFA,5,1,9,9
Random,CPFA,5,2,13,4
Random,CPFA,5,3,18,5
Random,CPFA,5,4,20,2
Random,CPFA,5,5,25,5
Random,CPFA,5,6,27,2
Random,CPFA,5,7,32,5
Random,CPFA,5,8,38,6
Random,CPFA,5,9,40,2
Random,CPFA,5,10,43,3
Random,CPFA,5,11,45,2
Random,CPFA,5,12,49,4
Random,CPFA,6,1,9,9
Random,CPFA,6,2,16,7
Random,CPFA,6,3,19,3
Random,CPFA,6,4,25,6
Random,CPFA,6,5,29,4
Random,CPFA,6,6,35,6
Random,CPFA,6,7,38,3
Random,CPFA,6,8,44,6
Random,CPFA,6,9,55,11
Random,CPFA,6,10,60,5
Random,CPFA,6,11,64,4
Random,CPFA,6,12,68,4
Random,CPFA,7,1,10,10
Random,CPFA,7,2,17,7
Random,CPFA,7,3,20,3
Random,CPFA,7,4,26,6
Random,CPFA,7,5,27,1
Random,CPFA,7,6,30,3
Random,CPFA,7,7,36,6
Random,CPFA,7,8,40,4
Random,CPFA,7,9,42,2
Random,CPFA,7,10,45,3
Random,CPFA,7,11,52,7
Random,CPFA,7,12,58,6
Random,CPFA,8,1,9,9
Random,CPFA,8,2,16,7
Random,CPFA,8,3,23,7
Random,CPFA,8,4,26,3
Random,CPFA,8,5,31,5
Random,CPFA,8,6,36,5
Random,CPFA,8,7,46,10
Random,CPFA,8,8,55,9
Random,CPFA,8,9,61,6
Random,CPFA,8,10,66,5
Random,CPFA,8,11,80,14
Random,CPFA,8,12,89,9
Random,CPFA,9,1,10,10
Random,CPFA,9,2,14,4
Random,CPFA,9,3,22,8
Random,CPFA,9,4,25,3
Random,CPFA,9,5,28,3
Random,CPFA,9,6,32,4
Random,CPFA,9,7,35,3
Random,CPFA,9,8,43,8
Random,CPFA,9,9,48,5
Random,CPFA,9,10,55,7
Random,CPFA,9,11,60,5
Random,CPFA,9,12,68,8
Random,CPFA,10,1,9,9
Random,CPFA,10,2,14,5
Random,CPFA,10,3,18,4
Random,CPFA,10,4,21,3
Random,CPFA,10,5,24,3
Random,CPFA,10,6,28,4
Random,CPFA,10,7,32,4
Random,CPFA,10,8,35,3
Random,CPFA,10,9,39,4
Random,CPFA,10,10,46,7
Random,CPFA,10,11,51,5
Random,CPFA,10,12,56,5
Random,CPFA,11,1,8,8
Random,CPFA,11,2,14,6
Random,CPFA,11,3,25,11
Random,CPFA,11,4,31,6
Random,CPFA,11,5,34,3
Random,CPFA,11,6,38,4
Random,CPFA,11,7,40,2
Random,CPFA,11,8,43,3
Random,CPFA,11,9,46,3
Random,CPFA,11,10,47,1
Random,CPFA,11,11,51,4
Random,CPFA,11,12,54,3
Random,CPFA,12,1,5,5
Random,CPFA,12,2,11,6
Random,CPFA,12,3,16,5
Random,CPFA,12,4,20,4
Random,CPFA,12,5,26,6
Random,CPFA,12,6,32,6
Random,CPFA,12,7,37,5
Random,CPFA,12,8,42,5
Random,CPFA,12,9,47,5
Random,CPFA,12,10,51,4
Random,CPFA,12,11,58,7
Random,CPFA,12,12,65,7
Random,CPFA,13,1,9,9
Random,CPFA,13,2,16,7
Random,CPFA,13,3,21,5
Random,CPFA,13,4,26,5
Random,CPFA,13,5,31,5
Random,CPFA,13,6,39,8
Random,CPFA,13,7,44,5
Random,CPFA,13,8,49,5
Random,CPFA,13,9,57,8
Random,CPFA,13,10,60,3
Random,CPFA,13,11,67,7
Random,CPFA,13,12,76,9
Random,CPFA,14,1,9,9
Random,CPFA,14,2,15,6
Random,CPFA,14,3,23,8
Random,CPFA,14,4,30,7
Random,CPFA,14,5,37,7
Random,CPFA,14,6,42,5
Random,CPFA,14,7,45,3
Random,CPFA,14,8,49,4
Random,CPFA,14,9,53,4
Random,CPFA,14,10,61,8
Random,CPFA,14,11,63,2
Random,CPFA,14,12,65,2
Random,CPFA,15,1,6,6
Random,CPFA,15,2,10,4
Random,CPFA,15,3,17,7
Random,CPFA,15,4,22,5
Random,CPFA,15,5,26,4
Random,CPFA,15,6,31,5
Random,CPFA,15,7,37,6
Random,CPFA,15,8,49,12
Random,CPFA,15,9,56,7
Random,CPFA,15,10,66,10
Random,CPFA,15,11,69,3
Random,CPFA,15,12,76,7
Random,CPFA,16,1,8,8
Random,CPFA,16,2,15,7
Random,CPFA,16,3,19,4
Random,CPFA,16,4,25,6
Random,CPFA,16,5,26,1
Random,CPFA,16,6,34,8
Random,CPFA,16,7,38,4
Random,CPFA,16,8,42,4
Random,CPFA,16,9,46,4
Random,CPFA,16,10,54,8
Random,CPFA,16,11,58,4
Random,CPFA,16,12,68,10
Random,CPFA,17,1,5,5
Random,CPFA,17,2,11,6
Random,CPFA,17,3,17,6
Random,CPFA,17,4,21,4
Random,CPFA,17,5,26,5
Random,CPFA,17,6,31,5
Random,CPFA,17,7,35,4
Random,CPFA,17,8,41,6
Random,CPFA,17,9,52,11
Random,CPFA,17,10,61,9
Random,CPFA,17,11,66,5
Random,CPFA,17,12,73,7
Random,CPFA,18,1,10,10
Random,CPFA,18,2,16,6
Random,CPFA,18,3,21,5
Random,CPFA,18,4,33,12
Random,CPFA,18,5,44,11
Random,CPFA,18,6,50,6
Random,CPFA,18,7,57,7
Random,CPFA,18,8,63,6
Random,CPFA,18,9,71,8
Random,CPFA,18,10,77,6
Random,CPFA,18,11,89,12
Random,CPFA,18,12,102,13
Random,CPFA,19,1,8,8
Random,CPFA,19,2,16,8
Random,CPFA,19,3,23,7
Random,CPFA,19,4,35,12
Random,CPFA,19,5,38,3
Random,CPFA,19,6,44,6
Random,CPFA,19,7,49,5
Random,CPFA,19,8,61,12
Random,CPFA,19,9,69,8
Random,CPFA,19,10,76,7
Random,CPFA,19,11,86,10
Random,CPFA,19,12,92,6
Random,CPFA,20,1,8,8
Random,CPFA,20,2,15,7
Random,CPFA,20,3,22,7
Random,CPFA,20,4,31,9
Random,CPFA,20,5,34,3
Random,CPFA,20,6,39,5
Random,CPFA,20,7,41,2
Random,CPFA,20,8,44,3
Random,CPFA,20,9,51,7
Random,CPFA,20,10,54,3
Random,CPFA,20,11,61,7
Random,CPFA,20,12,69,8
Random,CPFA,21,1,6,6
Random,CPFA,21,2,11,5
Random,CPFA,21,3,17,6
Random,CPFA,21,4,27,10
Random,CPFA,21,5,35,8
Random,CPFA,21,6,41,6
Random,CPFA,21,7,45,4
Random,CPFA,21,8,48,3
Random,CPFA,21,9,53,5
Random,CPFA,21,10,62,9
Random,CPFA,21,11,69,7
Random,CPFA,21,12,77,8
Random,CPFA,22,1,11,11
Random,CPFA,22,2,19,8
Random,CPFA,22,3,25,6
Random,CPFA,22,4,33,8
Random,CPFA,22,5,37,4
Random,CPFA,22,6,39,2
Random,CPFA,22,7,44,5
Random,CPFA,22,8,50,6
Random,CPFA,22,9,54,4
Random,CPFA,22,10,56,2
Random,CPFA,22,11,60,4
Random,CPFA,22,12,66,6
Random,CPFA,23,1,7,7
Random,CPFA,23,2,12,5
Random,CPFA,23,3,17,5
Random,CPFA,23,4,22,5
Random,CPFA,23,5,27,5
Random,CPFA,23,6,33,6
Random,CPFA,23,7,41,8
Random,CPFA,23,8,45,4
Random,CPFA,23,9,49,4
Random,CPFA,23,10,56,7
Random,CPFA,23,11,63,7
Random,CPFA,23,12,67,4
Random,CPFA,24,1,10,10
Random,CPFA,24,2,19,9
Random,CPFA,24,3,30,11
Random,CPFA,24,4,38,8
Random,CPFA,24,5,44,6
Random,CPFA,24,6,49,5
Random,CPFA,24,7,54,5
Random,CPFA,24,8,59,5
Random,CPFA,24,9,66,7
Random,CPFA,24,10,71,5
Random,CPFA,24,11,80,9
Random,CPFA,24,12,88,8
Random,CPFA,25,1,7,7
Random,CPFA,25,2,13,6
Random,CPFA,25,3,19,6
Random,CPFA,25,4,23,4
Random,CPFA,25,5,27,4
Random,CPFA,25,6,32,5
Random,CPFA,25,7,35,3
Random,CPFA,25,8,38,3
Random,CPFA,25,9,42,4
Random,CPFA,25,10,47,5
Random,CPFA,25,11,52,5
Random,CPFA,25,12,58,6
Random,CPFA,26,1,6,6
Random,CPFA,26,2,11,5
Random,CPFA,26,3,20,9
Random,CPFA,26,4,26,6
Random,CPFA,26,5,34,8
Random,CPFA,26,6,40,6
Random,CPFA,26,7,44,4
Random,CPFA,26,8,56,12
Random,CPFA,26,9,67,11
Random,CPFA,26,10,74,7
Random,CPFA,26,11,80,6
Random,CPFA,26,12,92,12
Random,CPFA,27,1,6,6
Random,CPFA,27,2,10,4
Random,CPFA,27,3,12,2
Random,CPFA,27,4,19,7
Random,CPFA,27,5,24,5
Random,CPFA,27,6,28,4
Random,CPFA,27,7,31,3
Random,CPFA,27,8,34,3
Random,CPFA,27,9,37,3
Random,CPFA,27,10,40,3
Random,CPFA,27,11,45,5
Random,CPFA,27,12,50,5
Random,CPFA,28,1,9,9
Random,CPFA,28,2,13,4
Random,CPFA,28,3,20,7
Random,CPFA,28,4,24,4
Random,CPFA,28,5,27,3
Random,CPFA,28,6,34,7
Random,CPFA,28,7,42,8
Random,CPFA,28,8,49,7
Random,CPFA,28,9,54,5
Random,CPFA,28,10,60,6
Random,CPFA,28,11,68,8
Random,CPFA,28,12,74,6
Random,CPFA,29,1,8,8
Random,CPFA,29,2,14,6
Random,CPFA,29,3,23,9
Random,CPFA,29,4,31,8
Random,CPFA,29,5,34,3
Random,CPFA,29,6,40,6
Random,CPFA,29,7,49,9
Random,CPFA,29,8,52,3
Random,CPFA,29,9,58,6
Random,CPFA,29,10,62,4
Random,CPFA,29,11,68,6
Random,CPFA,29,12,75,7
Random,CPFA,30,1,8,8
Random,CPFA,30,2,17,9
Random,CPFA,30,3,21,4
Random,CPFA,30,4,27,6
Random,CPFA,30,5,33,6
Random,CPFA,30,6,41,8
Random,CPFA,30,7,47,6
Random,CPFA,30,8,48,1
Random,CPFA,30,9,51,3
Random,CPFA,30,10,59,8
Random,CPFA,30,11,61,2
Random,CPFA,30,12,68,7
Random,CPFA,31,1,7,7
Random,CPFA,31,2,12,5
Random,CPFA,31,3,18,6
Random,CPFA,31,4,20,2
Random,CPFA,31,5,24,4
Random,CPFA,31,6,27,3
Random,CPFA,31,7,31,4
Random,CPFA,31,8,35,4
Random,CPFA,31,9,39,4
Random,CPFA,31,10,44,5
Random,CPFA,31,11,49,5
Random,CPFA,31,12,53,4
Random,CPFA,32,1,9,9
Random,CPFA,32,2,16,7
Random,CPFA,32,3,20,4
Random,CPFA,32,4,24,4
Random,CPFA,32,5,28,4
Random,CPFA,32,6,34,6
Random,CPFA,32,7,38,4
Random,CPFA,32,8,43,5
Random,CPFA,32,9,48,5
Random,CPFA,32,10,53,5
Random,CPFA,32,11,56,3
Random,CPFA,32,12,62,6
Random,CPFA,33,1,5,5
Random,CPFA,33,2,10,5
Random,CPFA,33,3,14,4
Random,CPFA,33,4,22,8
Random,CPFA,33,5,29,7
Random,CPFA,33,6,34,5
Random,CPFA,33,7,39,5
Random,CPFA,33,8,43,4
Random,CPFA,33,9,49,6
Random,CPFA,33,10,55,6
Random,CPFA,33,11,63,8
Random,CPFA,33,12,71,8
Random,CPFA,34,1,8,8
Random,CPFA,34,2,16,8
Random,CPFA,34,3,22,6
Random,CPFA,34,4,24,2
Random,CPFA,34,5,31,7
Random,CPFA,34,6,34,3
Random,CPFA,34,7,37,3
Random,CPFA,34,8,41,4
Random,CPFA,34,9,44,3
Random,CPFA,34,10,50,6
Random,CPFA,34,11,54,4
Random,CPFA,34,12,60,6
Random,CPFA,35,1,6,6
Random,CPFA,35,2,10,4
Random,CPFA,35,3,17,7
Random,CPFA,35,4,20,3
Random,CPFA,35,5,26,6
Random,CPFA,35,6,29,3
Random,CPFA,35,7,35,6
Random,CPFA,35,8,37,2
Random,CPFA,35,9,45,8
Random,CPFA,35,10,52,7
Random,CPFA,35,11,62,10
Random,CPFA,35,12,66,4
Random,CPFA,36,1,9,9
Random,CPFA,36,2,16,7
Random,CPFA,36,3,18,2
Random,CPFA,36,4,27,9
Random,CPFA,36,5,36,9
Random,CPFA,36,6,41,5
Random,CPFA,36,7,46,5
Random,CPFA,36,8,50,4
Random,CPFA,36,9,54,4
Random,CPFA,36,10,59,5
Random,CPFA,36,11,62,3
Random,CPFA,36,12,63,1
Random,CPFA,37,1,8,8
Random,CPFA,37,2,11,3
Random,CPFA,37,3,16,5
Random,CPFA,37,4,17,1
Random,CPFA,37,5,21,4
Random,CPFA,37,6,27,6
Random,CPFA,37,7,31,4
Random,CPFA,37,8,37,6
Random,CPFA,37,9,40,3
Random,CPFA,37,10,45,5
Random,CPFA,37,11,50,5
Random,CPFA,37,12,54,4
Random,CPFA,38,1,8,8
Random,CPFA,38,2,10,2
Random,CPFA,38,3,15,5
Random,CPFA,38,4,21,6
Random,CPFA,38,5,29,8
Random,CPFA,38,6,34,5
Random,CPFA,38,7,38,4
Random,CPFA,38,8,42,4
Random,CPFA,38,9,45,3
Random,CPFA,38,10,51,6
Random,CPFA,38,11,53,2
Random,CPFA,38,12,63,10
Random,CPFA,39,1,9,9
Random,CPFA,39,2,15,6
Random,CPFA,39,3,21,6
Random,CPFA,39,4,27,6
Random,CPFA,39,5,29,2
Random,CPFA,39,6,34,5
Random,CPFA,39,7,44,10
Random,CPFA,39,8,46,2
Random,CPFA,39,9,53,7
Random,CPFA,39,10,61,8
Random,CPFA,39,11,66,5
Random,CPFA,39,12,71,5
Random,CPFA,40,1,8,8
Random,CPFA,40,2,17,9
Random,CPFA,40,3,21,4
Random,CPFA,40,4,24,3
Random,CPFA,40,5,28,4
Random,CPFA,40,6,30,2
Random,CPFA,40,7,34,4
Random,CPFA,40,8,40,6
Random,CPFA,40,9,44,4
Random,CPFA,40,10,49,5
Random,CPFA,40,11,52,3
Random,CPFA,40,12,56,4
Random,CPFA,41,1,9,9
Random,CPFA,41,2,13,4
Random,CPFA,41,3,19,6
Random,CPFA,41,4,22,3
Random,CPFA,41,5,27,5
Random,CPFA,41,6,32,5
Random,CPFA,41,7,37,5
Random,CPFA,41,8,47,10
Random,CPFA,41,9,52,5
Random,CPFA,41,10,61,9
Random,CPFA,41,11,67,6
Random,CPFA,41,12,73,6
Random,CPFA,42,1,7,7
Random,CPFA,42,2,12,5
Random,CPFA,42,3,20,8
Random,CPFA,42,4,24,4
Random,CPFA,42,5,29,5
Random,CPFA,42,6,35,6
Random,CPFA,42,7,40,5
Random,CPFA,42,8,45,5
Random,CPFA,42,9,53,8
Random,CPFA,42,10,58,5
Random,CPFA,42,11,65,7
Random,CPFA,42,12,65,0
Random,CPFA,43,1,8,8
Random,CPFA,43,2,12,4
Random,CPFA,43,3,15,3
Random,CPFA,43,4,19,4
Random,CPFA,43,5,23,4
Random,CPFA,43,6,27,4
Random,CPFA,43,7,31,4
Random,CPFA,43,8,36,5
Random,CPFA,43,9,41,5
Random,CPFA,43,10,46,5
Random,CPFA,43,11,51,5
Random,CPFA,43,12,56,5
Random,CPFA,44,1,10,10
Random,CPFA,44,2,17,7
Random,CPFA,44,3,23,6
Random,CPFA,44,4,28,5
Random,CPFA,44,5,30,2
Random,CPFA,44,6,34,4
Random,CPFA,44,7,37,3
Random,CPFA,44,8,42,5
Random,CPFA,44,9,47,5
Random,CPFA,44,10,55,8
Random,CPFA,44,11,61,6
Random,CPFA,44,12,67,6
Random,CPFA,45,1,9,9
Random,CPFA,45,2,14,5
Random,CPFA,45,3,21,7
Random,CPFA,45,4,26,5
Random,CPFA,45,5,32,6
Random,CPFA,45,6,37,5
Random,CPFA,45,7,43,6
Random,CPFA,45,8,45,2
Random,CPFA,45,9,50,5
Random,CPFA,45,10,56,6
Random,CPFA,45,11,60,4
Random,CPFA,45,12,66,6
Random,CPFA,46,1,9,9
Random,CPFA,46,2,18,9
Random,CPFA,46,3,26,8
Random,CPFA,46,4,30,4
Random,CPFA,46,5,38,8
Random,CPFA,46,6,42,4
Random,CPFA,46,7,47,5
Random,CPFA,46,8,49,2
Random,CPFA,46,9,53,4
Random,CPFA,46,10,56,3
Random,CPFA,46,11,60,4
Random,CPFA,46,12,67,7
Random,CPFA,47,1,9,9
Random,CPFA,47,2,17,8
Random,CPFA,47,3,28,11
Random,CPFA,47,4,37,9
Random,CPFA,47,5,42,5
Random,CPFA,47,6,45,3
Random,CPFA,47,7,46,1
Random,CPFA,47,8,52,6
Random,CPFA,47,9,57,5
Random,CPFA,47,10,66,9
Random,CPFA,47,11,69,3
Random,CPFA,47,12,73,4
Random,CPFA,48,1,10,10
Random,CPFA,48,2,17,7
Random,CPFA,48,3,22,5
Random,CPFA,48,4,31,9
Random,CPFA,48,5,32,1
Random,CPFA,48,6,35,3
Random,CPFA,48,7,39,4
Random,CPFA,48,8,43,4
Random,CPFA,48,9,47,4
Random,CPFA,48,10,53,6
Random,CPFA,48,11,60,7
Random,CPFA,48,12,67,7
Random,CPFA,49,1,4,4
Random,CPFA,49,2,10,6
Random,CPFA,49,3,14,4
Random,CPFA,49,4,18,4
Random,CPFA,49,5,20,2
Random,CPFA,49,6,24,4
Random,CPFA,49,7,28,4
Random,CPFA,49,8,32,4
Random,CPFA,49,9,37,5
Random,CPFA,49,10,42,5
Random,CPFA,49,11,46,4
Random,CPFA,49,12,50,4
Random,CPFA,50,1,7,7
Random,CPFA,50,2,13,6
Random,CPFA,50,3,16,3
Random,CPFA,50,4,20,4
Random,CPFA,50,5,29,9
Random,CPFA,50,6,32,3
Random,CPFA,50,7,41,9
Random,CPFA,50,8,49,8
Random,CPFA,50,9,54,5
Random,CPFA,50,10,58,4
Random,CPFA,50,11,63,5
Random,CPFA,50,12,65,2
Random,AHCFA,1,1,5,5
Random,AHCFA,1,2,11,6
Random,AHCFA,1,3,17,6
Random,AHCFA,1,4,21,4
Random,AHCFA,1,5,25,4
Random,AHCFA,1,6,31,6
Random,AHCFA,1,7,37,6
Random,AHCFA,1,8,44,7
Random,AHCFA,1,9,49,5
Random,AHCFA,1,10,59,10
Random,AHCFA,1,11,69,10
Random,AHCFA,1,12,77,8
Random,AHCFA,2,1,8,8
Random,AHCFA,2,2,13,5
Random,AHCFA,2,3,22,9
Random,AHCFA,2,4,28,6
Random,AHCFA,2,5,30,2
Random,AHCFA,2,6,37,7
Random,AHCFA,2,7,46,9
Random,AHCFA,2,8,54,8
Random,AHCFA,2,9,60,6
Random,AHCFA,2,10,69,9
Random,AHCFA,2,11,76,7
Random,AHCFA,2,12,81,5
Random,AHCFA,3,1,8,8
Random,AHCFA,3,2,18,10
Random,AHCFA,3,3,23,5
Random,AHCFA,3,4,31,8
Random,AHCFA,3,5,38,7
Random,AHCFA,3,6,41,3
Random,AHCFA,3,7,45,4
Random,AHCFA,3,8,51,6
Random,AHCFA,3,9,55,4
Random,AHCFA,3,10,60,5
Random,AHCFA,3,11,63,3
Random,AHCFA,3,12,68,5
Random,AHCFA,4,1,9,9
Random,AHCFA,4,2,17,8
Random,AHCFA,4,3,24,7
Random,AHCFA,4,4,29,5
Random,AHCFA,4,5,34,5
Random,AHCFA,4,6,35,1
Random,AHCFA,4,7,40,5
Random,AHCFA,4,8,45,5
Random,AHCFA,4,9,57,12
Random,AHCFA,4,10,67,10
Random,AHCFA,4,11,71,4
Random,AHCFA,4,12,75,4
Random,AHCFA,5,1,9,9
Random,AHCFA,5,2,13,4
Random,AHCFA,5,3,18,5
Random,AHCFA,5,4,20,2
Random,AHCFA,5,5,25,5
Random,AHCFA,5,6,27,2
Random,AHCFA,5,7,32,5
Random,AHCFA,5,8,38,6
Random,AHCFA,5,9,40,2
Random,AHCFA,5,10,43,3
Random,AHCFA,5,11,45,2
Random,AHCFA,5,12,49,4
Random,AHCFA,6,1,9,9
Random,AHCFA,6,2,16,7
Random,AHCFA,6,3,19,3
Random,AHCFA,6,4,25,6
Random,AHCFA,6,5,29,4
Random,AHCFA,6,6,35,6
Random,AHCFA,6,7,38,3
Random,AHCFA,6,8,44,6
Random,AHCFA,6,9,55,11
Random,AHCFA,6,10,60,5
Random,AHCFA,6,11,64,4
Random,AHCFA,6,12,68,4
Random,AHCFA,7,1,10,10
Random,AHCFA,7,2,17,7
Random,AHCFA,7,3,20,3
Random,AHCFA,7,4,26,6
Random,AHCFA,7,5,27,1
Random,AHCFA,7,6,30,3
Random,AHCFA,7,7,36,6
Random,AHCFA,7,8,40,4
Random,AHCFA,7,9,42,2
Random,AHCFA,7,10,45,3
Random,AHCFA,7,11,52,7
Random,AHCFA,7,12,58,6
Random,AHCFA,8,1,9,9
Random,AHCFA,8,2,16,7
Random,AHCFA,8,3,23,7
Random,AHCFA,8,4,26,3
Random,AHCFA,8,5,31,5
Random,AHCFA,8,6,36,5
Random,AHCFA,8,7,46,10
Random,AHCFA,8,8,55,9
Random,AHCFA,8,9,61,6
Random,AHCFA,8,10,66,5
Random,AHCFA,8,11,80,14
Random,AHCFA,8,12,89,9
Random,AHCFA,9,1,10,10
Random,AHCFA,9,2,14,4
Random,AHCFA,9,3,22,8
Random,AHCFA,9,4,25,3
Random,AHCFA,9,5,28,3
Random,AHCFA,9,6,32,4
Random,AHCFA,9,7,35,3
Random,AHCFA,9,8,43,8
Random,AHCFA,9,9,48,5
Random,AHCFA,9,10,55,7
Random,AHCFA,9,11,60,5
Random,AHCFA,9,12,68,8
Random,AHCFA,10,1,9,9
Random,AHCFA,10,2,14,5
Random,AHCFA,10,3,18,4
Random,AHCFA,10,4,21,3
Random,AHCFA,10,5,24,3
Random,AHCFA,10,6,28,4
Random,AHCFA,10,7,32,4
Random,AHCFA,10,8,35,3
Random,AHCFA,10,9,39,4
Random,AHCFA,10,10,46,7
Random,AHCFA,10,11,51,5
Random,AHCFA,10,12,56,5
Random,AHCFA,11,1,8,8
Random,AHCFA,11,2,14,6
Random,AHCFA,11,3,25,11
Random,AHCFA,11,4,31,6
Random,AHCFA,11,5,34,3
Random,AHCFA,11,6,38,4
Random,AHCFA,11,7,40,2
Random,AHCFA,11,8,43,3
Random,AHCFA,11,9,46,3
Random,AHCFA,11,10,47,1
Random,AHCFA,11,11,51,4
Random,AHCFA,11,12,54,3
Random,AHCFA,12,1,5,5
Random,AHCFA,12,2,11,6
Random,AHCFA,12,3,16,5
Random,AHCFA,12,4,20,4
Random,AHCFA,12,5,26,6
Random,AHCFA,12,6,32,6
Random,AHCFA,12,7,37,5
Random,AHCFA,12,8,42,5
Random,AHCFA,12,9,47,5
Random,AHCFA,12,10,51,4
Random,AHCFA,12,11,58,7
Random,AHCFA,12,12,65,7
Random,AHCFA,13,1,9,9
Random,AHCFA,13,2,16,7
Random,AHCFA,13,3,21,5
Random,AHCFA,13,4,26,5
Random,AHCFA,13,5,31,5
Random,AHCFA,13,6,39,8
Random,AHCFA,13,7,44,5
Random,AHCFA,13,8,49,5
Random,AHCFA,13,9,57,8
Random,AHCFA,13,10,60,3
Random,AHCFA,13,11,67,7
Random,AHCFA,13,12,76,9
Random,AHCFA,14,1,9,9
Random,AHCFA,14,2,15,6
Random,AHCFA,14,3,23,8
Random,AHCFA,14,4,30,7
Random,AHCFA,14,5,37,7
Random,AHCFA,14,6,42,5
Random,AHCFA,14,7,45,3
Random,AHCFA,14,8,49,4
Random,AHCFA,14,9,53,4
Random,AHCFA,14,10,61,8
Random,AHCFA,14,11,63,2
Random,AHCFA,14,12,65,2
Random,AHCFA,15,1,6,6
Random,AHCFA,15,2,10,4
Random,AHCFA,15,3,17,7
Random,AHCFA,15,4,22,5
Random,AHCFA,15,5,26,4
Random,AHCFA,15,6,31,5
Random,AHCFA,15,7,37,6
Random,AHCFA,15,8,49,12
Random,AHCFA,15,9,56,7
Random,AHCFA,15,10,66,10
Random,AHCFA,15,11,69,3
Random,AHCFA,15,12,76,7
Random,AHCFA,16,1,8,8
Random,AHCFA,16,2,15,7
Random,AHCFA,16,3,19,4
Random,AHCFA,16,4,25,6
Random,AHCFA,16,5,26,1
Random,AHCFA,16,6,34,8
Random,AHCFA,16,7,38,4
Random,AHCFA,16,8,42,4
Random,AHCFA,16,9,46,4
Random,AHCFA,16,10,54,8
Random,AHCFA,16,11,58,4
Random,AHCFA,16,12,68,10
Random,AHCFA,17,1,5,5
Random,AHCFA,17,2,11,6
Random,AHCFA,17,3,17,6
Random,AHCFA,17,4,21,4
Random,AHCFA,17,5,26,5
Random,AHCFA,17,6,31,5
Random,AHCFA,17,7,35,4
Random,AHCFA,17,8,41,6
Random,AHCFA,17,9,52,11
Random,AHCFA,17,10,61,9
Random,AHCFA,17,11,66,5
Random,AHCFA,17,12,73,7
Random,AHCFA,18,1,10,10
Random,AHCFA,18,2,16,6
Random,AHCFA,18,3,21,5
Random,AHCFA,18,4,33,12
Random,AHCFA,18,5,44,11
Random,AHCFA,18,6,50,6
Random,AHCFA,18,7,57,7
Random,AHCFA,18,8,63,6
Random,AHCFA,18,9,71,8
Random,AHCFA,18,10,77,6
Random,AHCFA,18,11,89,12
Random,AHCFA,18,12,102,13
Random,AHCFA,19,1,8,8
Random,AHCFA,19,2,16,8
Random,AHCFA,19,3,23,7
Random,AHCFA,19,4,35,12
Random,AHCFA,19,5,38,3
Random,AHCFA,19,6,44,6
Random,AHCFA,19,7,49,5
Random,AHCFA,19,8,61,12
Random,AHCFA,19,9,69,8
Random,AHCFA,19,10,76,7
Random,AHCFA,19,11,86,10
Random,AHCFA,19,12,92,6
Random,AHCFA,20,1,8,8
Random,AHCFA,20,2,15,7
Random,AHCFA,20,3,22,7
Random,AHCFA,20,4,31,9
Random,AHCFA,20,5,34,3
Random,AHCFA,20,6,39,5
Random,AHCFA,20,7,41,2
Random,AHCFA,20,8,44,3
Random,AHCFA,20,9,51,7
Random,AHCFA,20,10,54,3
Random,AHCFA,20,11,61,7
Random,AHCFA,20,12,69,8
Random,AHCFA,21,1,6,6
Random,AHCFA,21,2,11,5
Random,AHCFA,21,3,17,6
Random,AHCFA,21,4,27,10
Random,AHCFA,21,5,35,8
Random,AHCFA,21,6,41,6
Random,AHCFA,21,7,45,4
Random,AHCFA,21,8,48,3
Random,AHCFA,21,9,53,5
Random,AHCFA,21,10,62,9
Random,AHCFA,21,11,69,7
Random,AHCFA,21,12,77,8
Random,AHCFA,22,1,11,11
Random,AHCFA,22,2,19,8
Random,AHCFA,22,3,25,6
Random,AHCFA,22,4,33,8
Random,AHCFA,22,5,37,4
Random,AHCFA,22,6,39,2
Random,AHCFA,22,7,44,5
Random,AHCFA,22,8,50,6
Random,AHCFA,22,9,54,4
Random,AHCFA,22,10,56,2
Random,AHCFA,22,11,60,4
Random,AHCFA,22,12,66,6
Random,AHCFA,23,1,7,7
Random,AHCFA,23,2,12,5
Random,AHCFA,23,3,17,5
Random,AHCFA,23,4,22,5
Random,AHCFA,23,5,27,5
Random,AHCFA,23,6,33,6
Random,AHCFA,23,7,41,8
Random,AHCFA,23,8,45,4
Random,AHCFA,23,9,49,4
Random,AHCFA,23,10,56,7
Random,AHCFA,23,11,63,7
Random,AHCFA,23,12,67,4
Random,AHCFA,24,1,10,10
Random,AHCFA,24,2,19,9
Random,AHCFA,24,3,30,11
Random,AHCFA,24,4,38,8
Random,AHCFA,24,5,44,6
Random,AHCFA,24,6,49,5
Random,AHCFA,24,7,54,5
Random,AHCFA,24,8,59,5
Random,AHCFA,24,9,66,7
Random,AHCFA,24,10,71,5
Random,AHCFA,24,11,80,9
Random,AHCFA,24,12,88,8
Random,AHCFA,25,1,7,7
Random,AHCFA,25,2,13,6
Random,AHCFA,25,3,19,6
Random,AHCFA,25,4,23,4
Random,AHCFA,25,5,27,4
Random,AHCFA,25,6,32,5
Random,AHCFA,25,7,35,3
Random,AHCFA,25,8,38,3
Random,AHCFA,25,9,42,4
Random,AHCFA,25,10,47,5
Random,AHCFA,25,11,52,5
Random,AHCFA,25,12,58,6
Random,AHCFA,26,1,6,6
Random,AHCFA,26,2,11,5
Random,AHCFA,26,3,20,9
Random,AHCFA,26,4,26,6
Random,AHCFA,26,5,34,8
Random,AHCFA,26,6,40,6
Random,AHCFA,26,7,44,4
Random,AHCFA,26,8,56,12
Random,AHCFA,26,9,67,11
Random,AHCFA,26,10,74,7
Random,AHCFA,26,11,80,6
Random,AHCFA,26,12,92,12
Random,AHCFA,27,1,6,6
Random,AHCFA,27,2,10,4
Random,AHCFA,27,3,12,2
Random,AHCFA,27,4,19,7
Random,AHCFA,27,5,24,5
Random,AHCFA,27,6,28,4
Random,AHCFA,27,7,31,3
Random,AHCFA,27,8,34,3
Random,AHCFA,27,9,37,3
Random,AHCFA,27,10,40,3
Random,AHCFA,27,11,45,5
Random,AHCFA,27,12,50,5
Random,AHCFA,28,1,9,9
Random,AHCFA,28,2,13,4
Random,AHCFA,28,3,20,7
Random,AHCFA,28,4,24,4
Random,AHCFA,28,5,27,3
Random,AHCFA,28,6,34,7
Random,AHCFA,28,7,42,8
Random,AHCFA,28,8,49,7
Random,AHCFA,28,9,54,5
Random,AHCFA,28,10,60,6
Random,AHCFA,28,11,68,8
Random,AHCFA,28,12,74,6
Random,AHCFA,29,1,8,8
Random,AHCFA,29,2,14,6
Random,AHCFA,29,3,23,9
Random,AHCFA,29,4,31,8
Random,AHCFA,29,5,34,3
Random,AHCFA,29,6,40,6
Random,AHCFA,29,7,49,9
Random,AHCFA,29,8,52,3
Random,AHCFA,29,9,58,6
Random,AHCFA,29,10,62,4
Random,AHCFA,29,11,68,6
Random,AHCFA,29,12,75,7
Random,AHCFA,30,1,8,8
Random,AHCFA,30,2,17,9
Random,AHCFA,30,3,21,4
Random,AHCFA,30,4,27,6
Random,AHCFA,30,5,33,6
Random,AHCFA,30,6,41,8
Random,AHCFA,30,7,47,6
Random,AHCFA,30,8,48,1
Random,AHCFA,30,9,51,3
Random,AHCFA,30,10,59,8
Random,AHCFA,30,11,61,2
Random,AHCFA,30,12,68,7
Random,AHCFA,31,1,7,7
Random,AHCFA,31,2,12,5
Random,AHCFA,31,3,18,6
Random,AHCFA,31,4,20,2
Random,AHCFA,31,5,24,4
Random,AHCFA,31,6,27,3
Random,AHCFA,31,7,31,4
Random,AHCFA,31,8,35,4
Random,AHCFA,31,9,39,4
Random,AHCFA,31,10,44,5
Random,AHCFA,31,11,49,5
Random,AHCFA,31,12,53,4
Random,AHCFA,32,1,9,9
Random,AHCFA,32,2,16,7
Random,AHCFA,32,3,20,4
Random,AHCFA,32,4,24,4
Random,AHCFA,32,5,28,4
Random,AHCFA,32,6,34,6
Random,AHCFA,32,7,38,4
Random,AHCFA,32,8,43,5
Random,AHCFA,32,9,48,5
Random,AHCFA,32,10,53,5
Random,AHCFA,32,11,56,3
Random,AHCFA,32,12,62,6
Random,AHCFA,33,1,5,5
Random,AHCFA,33,2,10,5
Random,AHCFA,33,3,14,4
Random,AHCFA,33,4,22,8
Random,AHCFA,33,5,29,7
Random,AHCFA,33,6,34,5
Random,AHCFA,33,7,39,5
Random,AHCFA,33,8,43,4
Random,AHCFA,33,9,49,6
Random,AHCFA,33,10,55,6
Random,AHCFA,33,11,63,8
Random,AHCFA,33,12,71,8
Random,AHCFA,34,1,8,8
Random,AHCFA,34,2,16,8
Random,AHCFA,34,3,22,6
Random,AHCFA,34,4,24,2
Random,AHCFA,34,5,31,7
Random,AHCFA,34,6,34,3
Random,AHCFA,34,7,37,3
Random,AHCFA,34,8,41,4
Random,AHCFA,34,9,44,3
Random,AHCFA,34,10,50,6
Random,AHCFA,34,11,54,4
Random,AHCFA,34,12,60,6
Random,AHCFA,35,1,6,6
Random,AHCFA,35,2,10,4
Random,AHCFA,35,3,17,7
Random,AHCFA,35,4,20,3
Random,AHCFA,35,5,26,6
Random,AHCFA,35,6,29,3
Random,AHCFA,35,7,35,6
Random,AHCFA,35,8,37,2
Random,AHCFA,35,9,45,8
Random,AHCFA,35,10,52,7
Random,AHCFA,35,11,62,10
Random,AHCFA,35,12,66,4
Random,AHCFA,36,1,9,9
Random,AHCFA,36,2,16,7
Random,AHCFA,36,3,18,2
Random,AHCFA,36,4,27,9
Random,AHCFA,36,5,36,9
Random,AHCFA,36,6,41,5
Random,AHCFA,36,7,46,5
Random,AHCFA,36,8,50,4
Random,AHCFA,36,9,54,4
Random,AHCFA,36,10,59,5
Random,AHCFA,36,11,62,3
Random,AHCFA,36,12,63,1
Random,AHCFA,37,1,8,8
Random,AHCFA,37,2,11,3
Random,AHCFA,37,3,16,5
Random,AHCFA,37,4,17,1
Random,AHCFA,37,5,21,4
Random,AHCFA,37,6,27,6
Random,AHCFA,37,7,31,4
Random,AHCFA,37,8,37,6
Random,AHCFA,37,9,40,3
Random,AHCFA,37,10,45,5
Random,AHCFA,37,11,50,5
Random,AHCFA,37,12,54,4
Random,AHCFA,38,1,8,8
Random,AHCFA,38,2,10,2
Random,AHCFA,38,3,15,5
Random,AHCFA,38,4,21,6
Random,AHCFA,38,5,29,8
Random,AHCFA,38,6,34,5
Random,AHCFA,38,7,38,4
Random,AHCFA,38,8,42,4
Random,AHCFA,38,9,45,3
Random,AHCFA,38,10,51,6
Random,AHCFA,38,11,53,2
Random,AHCFA,38,12,63,10
Random,AHCFA,39,1,9,9
Random,AHCFA,39,2,15,6
Random,AHCFA,39,3,21,6
Random,AHCFA,39,4,27,6
Random,AHCFA,39,5,29,2
Random,AHCFA,39,6,34,5
Random,AHCFA,39,7,44,10
Random,AHCFA,39,8,46,2
Random,AHCFA,39,9,53,7
Random,AHCFA,39,10,61,8
Random,AHCFA,39,11,66,5
Random,AHCFA,39,12,71,5
Random,AHCFA,40,1,8,8
Random,AHCFA,40,2,17,9
Random,AHCFA,40,3,21,4
Random,AHCFA,40,4,24,3
Random,AHCFA,40,5,28,4
Random,AHCFA,40,6,30,2
Random,AHCFA,40,7,34,4
Random,AHCFA,40,8,40,6
Random,AHCFA,40,9,44,4
Random,AHCFA,40,10,49,5
Random,AHCFA,40,11,52,3
Random,AHCFA,40,12,56,4
Random,AHCFA,41,1,9,9
Random,AHCFA,41,2,13,4
Random,AHCFA,41,3,19,6
Random,AHCFA,41,4,22,3
Random,AHCFA,41,5,27,5
Random,AHCFA,41,6,32,5
Random,AHCFA,41,7,37,5
Random,AHCFA,41,8,47,10
Random,AHCFA,41,9,52,5
Random,AHCFA,41,10,61,9
Random,AHCFA,41,11,67,6
Random,AHCFA,41,12,73,6
Random,AHCFA,42,1,7,7
Random,AHCFA,42,2,12,5
Random,AHCFA,42,3,20,8
Random,AHCFA,42,4,24,4
Random,AHCFA,42,5,29,5
Random,AHCFA,42,6,35,6
Random,AHCFA,42,7,40,5
Random,AHCFA,42,8,45,5
Random,AHCFA,42,9,53,8
Random,AHCFA,42,10,58,5
Random,AHCFA,42,11,65,7
Random,AHCFA,42,12,65,0
Random,AHCFA,43,1,8,8
Random,AHCFA,43,2,12,4
Random,AHCFA,43,3,15,3
Random,AHCFA,43,4,19,4
Random,AHCFA,43,5,23,4
Random,AHCFA,43,6,27,4
Random,AHCFA,43,7,31,4
Random,AHCFA,43,8,36,5
Random,AHCFA,43,9,41,5
Random,AHCFA,43,10,46,5
Random,AHCFA,43,11,51,5
Random,AHCFA,43,12,56,5
Random,AHCFA,44,1,10,10
Random,AHCFA,44,2,17,7
Random,AHCFA,44,3,23,6
Random,AHCFA,44,4,28,5
Random,AHCFA,44,5,30,2
Random,AHCFA,44,6,34,4
Random,AHCFA,44,7,37,3
Random,AHCFA,44,8,42,5
Random,AHCFA,44,9,47,5
Random,AHCFA,44,10,55,8
Random,AHCFA,44,11,61,6
Random,AHCFA,44,12,67,6
Random,AHCFA,45,1,9,9
Random,AHCFA,45,2,14,5
Random,AHCFA,45,3,21,7
Random,AHCFA,45,4,26,5
Random,AHCFA,45,5,32,6
Random,AHCFA,45,6,37,5
Random,AHCFA,45,7,43,6
Random,AHCFA,45,8,45,2
Random,AHCFA,45,9,50,5
Random,AHCFA,45,10,56,6
Random,AHCFA,45,11,60,4
Random,AHCFA,45,12,66,6
Random,AHCFA,46,1,9,9
Random,AHCFA,46,2,18,9
Random,AHCFA,46,3,26,8
Random,AHCFA,46,4,30,4
Random,AHCFA,46,5,38,8
Random,AHCFA,46,6,42,4
Random,AHCFA,46,7,47,5
Random,AHCFA,46,8,49,2
Random,AHCFA,46,9,53,4
Random,AHCFA,46,10,56,3
Random,AHCFA,46,11,60,4
Random,AHCFA,46,12,67,7
Random,AHCFA,47,1,9,9
Random,AHCFA,47,2,17,8
Random,AHCFA,47,3,28,11
Random,AHCFA,47,4,37,9
Random,AHCFA,47,5,42,5
Random,AHCFA,47,6,45,3
Random,AHCFA,47,7,46,1
Random,AHCFA,47,8,52,6
Random,AHCFA,47,9,57,5
Random,AHCFA,47,10,66,9
Random,AHCFA,47,11,69,3
Random,AHCFA,47,12,73,4
Random,AHCFA,48,1,10,10
Random,AHCFA,48,2,17,7
Random,AHCFA,48,3,22,5
Random,AHCFA,48,4,31,9
Random,AHCFA,48,5,32,1
Random,AHCFA,48,6,35,3
Random,AHCFA,48,7,39,4
Random,AHCFA,48,8,43,4
Random,AHCFA,48,9,47,4
Random,AHCFA,48,10,53,6
Random,AHCFA,48,11,60,7
Random,AHCFA,48,12,67,7
Random,AHCFA,49,1,4,4
Random,AHCFA,49,2,10,6
Random,AHCFA,49,3,14,4
Random,AHCFA,49,4,18,4
Random,AHCFA,49,5,20,2
Random,AHCFA,49,6,24,4
Random,AHCFA,49,7,28,4
Random,AHCFA,49,8,32,4
Random,AHCFA,49,9,37,5
Random,AHCFA,49,10,42,5
Random,AHCFA,49,11,46,4
Random,AHCFA,49,12,50,4
Random,AHCFA,50,1,7,7
Random,AHCFA,50,2,13,6
Random,AHCFA,50,3,16,3
Random,AHCFA,50,4,20,4
Random,AHCFA,50,5,29,9
Random,AHCFA,50,6,32,3
Random,AHCFA,50,7,41,9
Random,AHCFA,50,8,49,8
Random,AHCFA,50,9,54,5
Random,AHCFA,50,10,58,4
Random,AHCFA,50,11,63,5
Random,AHCFA,50,12,65,2
Powerlaw,CPFA,1,1,6,6
Powerlaw,CPFA,1,2,15,9
Powerlaw,CPFA,1,3,20,5
Powerlaw,CPFA,1,4,31,11
Powerlaw,CPFA,1,5,37,6
Powerlaw,CPFA,1,6,47,10
Powerlaw,CPFA,1,7,60,13
Powerlaw,CPFA,1,8,69,9
Powerlaw,CPFA,1,9,71,2
Powerlaw,CPFA,1,10,79,8
Powerlaw,CPFA,1,11,84,5
Powerlaw,CPFA,1,12,90,6
Powerlaw,CPFA,2,1,10,10
Powerlaw,CPFA,2,2,18,8
Powerlaw,CPFA,2,3,20,2
Powerlaw,CPFA,2,4,24,4
Powerlaw,CPFA,2,5,30,6
Powerlaw,CPFA,2,6,33,3
Powerlaw,CPFA,2,7,42,9
Powerlaw,CPFA,2,8,54,12
Powerlaw,CPFA,2,9,63,9
Powerlaw,CPFA,2,10,74,11
Powerlaw,CPFA,2,11,87,13
Powerlaw,CPFA,2,12,95,8
Powerlaw,CPFA,3,1,9,9
Powerlaw,CPFA,3,2,22,13
Powerlaw,CPFA,3,3,28,6
Powerlaw,CPFA,3,4,33,5
Powerlaw,CPFA,3,5,38,5
Powerlaw,CPFA,3,6,42,4
Powerlaw,CPFA,3,7,46,4
Powerlaw,CPFA,3,8,51,5
Powerlaw,CPFA,3,9,59,8
Powerlaw,CPFA,3,10,69,10
Powerlaw,CPFA,3,11,83,14
Powerlaw,CPFA,3,12,90,7
Powerlaw,CPFA,4,1,7,7
Powerlaw,CPFA,4,2,16,9
Powerlaw,CPFA,4,3,21,5
Powerlaw,CPFA,4,4,27,6
Powerlaw,CPFA,4,5,31,4
Powerlaw,CPFA,4,6,34,3
Powerlaw,CPFA,4,7,42,8
Powerlaw,CPFA,4,8,48,6
Powerlaw,CPFA,4,9,56,8
Powerlaw,CPFA,4,10,61,5
Powerlaw,CPFA,4,11,66,5
Powerlaw,CPFA,4,12,74,8
Powerlaw,CPFA,5,1,9,9
Powerlaw,CPFA,5,2,16,7
Powerlaw,CPFA,5,3,23,7
Powerlaw,CPFA,5,4,32,9
Powerlaw,CPFA,5,5,36,4
Powerlaw,CPFA,5,6,39,3
Powerlaw,CPFA,5,7,44,5
Powerlaw,CPFA,5,8,47,3
Powerlaw,CPFA,5,9,54,7
Powerlaw,CPFA,5,10,61,7
Powerlaw,CPFA,5,11,72,11
Powerlaw,CPFA,5,12,81,9
Powerlaw,CPFA,6,1,7,7
Powerlaw,CPFA,6,2,16,9
Powerlaw,CPFA,6,3,21,5
Powerlaw,CPFA,6,4,30,9
Powerlaw,CPFA,6,5,38,8
Powerlaw,CPFA,6,6,42,4
Powerlaw,CPFA,6,7,46,4
Powerlaw,CPFA,6,8,53,7
Powerlaw,CPFA,6,9,63,10
Powerlaw,CPFA,6,10,74,11
Powerlaw,CPFA,6,11,83,9
Powerlaw,CPFA,6,12,93,10
Powerlaw,CPFA,7,1,6,6
Powerlaw,CPFA,7,2,11,5
Powerlaw,CPFA,7,3,17,6
Powerlaw,CPFA,7,4,20,3
Powerlaw,CPFA,7,5,28,8
Powerlaw,CPFA,7,6,32,4
Powerlaw,CPFA,7,7,37,5
Powerlaw,CPFA,7,8,40,3
Powerlaw,CPFA,7,9,45,5
Powerlaw,CPFA,7,10,49,4
Powerlaw,CPFA,7,11,51,2
Powerlaw,CPFA,7,12,63,12
Powerlaw,CPFA,8,1,4,4
Powerlaw,CPFA,8,2,11,7
Powerlaw,CPFA,8,3,12,1
Powerlaw,CPFA,8,4,16,4
Powerlaw,CPFA,8,5,23,7
Powerlaw,CPFA,8,6,30,7
Powerlaw,CPFA,8,7,34,4
Powerlaw,CPFA,8,8,42,8
Powerlaw,CPFA,8,9,45,3
Powerlaw,CPFA,8,10,49,4
Powerlaw,CPFA,8,11,53,4
Powerlaw,CPFA,8,12,54,1
Powerlaw,CPFA,9,1,11,11
Powerlaw,CPFA,9,2,25,14
Powerlaw,CPFA,9,3,34,9
Powerlaw,CPFA,9,4,41,7
Powerlaw,CPFA,9,5,49,8
Powerlaw,CPFA,9,6,53,4
Powerlaw,CPFA,9,7,57,4
Powerlaw,CPFA,9,8,61,4
Powerlaw,CPFA,9,9,69,8
Powerlaw,CPFA,9,10,78,9
Powerlaw,CPFA,9,11,88,10
Powerlaw,CPFA,9,12,97,9
Powerlaw,CPFA,10,1,8,8
Powerlaw,CPFA,10,2,14,6
Powerlaw,CPFA,10,3,20,6
Powerlaw,CPFA,10,4,24,4
Powerlaw,CPFA,10,5,30,6
Powerlaw,CPFA,10,6,35,5
Powerlaw,CPFA,10,7,40,5
Powerlaw,CPFA,10,8,52,12
Powerlaw,CPFA,10,9,62,10
Powerlaw,CPFA,10,10,73,11
Powerlaw,CPFA,10,11,83,10
Powerlaw,CPFA,10,12,93,10
Powerlaw,CPFA,11,1,8,8
Powerlaw,CPFA,11,2,18,10
Powerlaw,CPFA,11,3,25,7
Powerlaw,CPFA,11,4,28,3
Powerlaw,CPFA,11,5,35,7
Powerlaw,CPFA,11,6,40,5
Powerlaw,CPFA,11,7,49,9
Powerlaw,CPFA,11,8,61,12
Powerlaw,CPFA,11,9,71,10
Powerlaw,CPFA,11,10,78,7
Powerlaw,CPFA,11,11,87,9
Powerlaw,CPFA,11,12,96,9
Powerlaw,CPFA,12,1,9,9
Powerlaw,CPFA,12,2,19,10
Powerlaw,CPFA,12,3,25,6
Powerlaw,CPFA,12,4,29,4
Powerlaw,CPFA,12,5,35,6
Powerlaw,CPFA,12,6,38,3
Powerlaw,CPFA,12,7,43,5
Powerlaw,CPFA,12,8,51,8
Powerlaw,CPFA,12,9,62,11
Powerlaw,CPFA,12,10,79,17
Powerlaw,CPFA,12,11,86,7
Powerlaw,CPFA,12,12,92,6
Powerlaw,CPFA,13,1,6,6
Powerlaw,CPFA,13,2,15,9
Powerlaw,CPFA,13,3,23,8
Powerlaw,CPFA,13,4,25,2
Powerlaw,CPFA,13,5,32,7
Powerlaw,CPFA,13,6,41,9
Powerlaw,CPFA,13,7,46,5
Powerlaw,CPFA,13,8,50,4
Powerlaw,CPFA,13,9,53,3
Powerlaw,CPFA,13,10,57,4
Powerlaw,CPFA,13,11,68,11
Powerlaw,CPFA,13,12,77,9
Powerlaw,CPFA,14,1,7,7
Powerlaw,CPFA,14,2,18,11
Powerlaw,CPFA,14,3,22,4
Powerlaw,CPFA,14,4,26,4
Powerlaw,CPFA,14,5,29,3
Powerlaw,CPFA,14,6,33,4
Powerlaw,CPFA,14,7,35,2
Powerlaw,CPFA,14,8,39,4
Powerlaw,CPFA,14,9,42,3
Powerlaw,CPFA,14,10,47,5
Powerlaw,CPFA,14,11,54,7
Powerlaw,CPFA,14,12,57,3
Powerlaw,CPFA,15,1,8,8
Powerlaw,CPFA,15,2,20,12
Powerlaw,CPFA,15,3,33,13
Powerlaw,CPFA,15,4,40,7
Powerlaw,CPFA,15,5,45,5
Powerlaw,CPFA,15,6,54,9
Powerlaw,CPFA,15,7,60,6
Powerlaw,CPFA,15,8,65,5
Powerlaw,CPFA,15,9,69,4
Powerlaw,CPFA,15,10,75,6
Powerlaw,CPFA,15,11,82,7
Powerlaw,CPFA,15,12,90,8
Powerlaw,CPFA,16,1,5,5
Powerlaw,CPFA,16,2,9,4
Powerlaw,CPFA,16,3,16,7
Powerlaw,CPFA,16,4,20,4
Powerlaw,CPFA,16,5,24,4
Powerlaw,CPFA,16,6,28,4
Powerlaw,CPFA,16,7,34,6
Powerlaw,CPFA,16,8,39,5
Powerlaw,CPFA,16,9,43,4
Powerlaw,CPFA,16,10,50,7
Powerlaw,CPFA,16,11,54,4
Powerlaw,CPFA,16,12,58,4
Powerlaw,CPFA,17,1,9,9
Powerlaw,CPFA,17,2,17,8
Powerlaw,CPFA,17,3,26,9
Powerlaw,CPFA,17,4,35,9
Powerlaw,CPFA,17,5,46,11
Powerlaw,CPFA,17,6,58,12
Powerlaw,CPFA,17,7,70,12
Powerlaw,CPFA,17,8,78,8
Powerlaw,CPFA,17,9,88,10
Powerlaw,CPFA,17,10,91,3
Powerlaw,CPFA,17,11,96,5
Powerlaw,CPFA,17,12,96,0
Powerlaw,CPFA,18,1,8,8
Powerlaw,CPFA,18,2,21,13
Powerlaw,CPFA,18,3,30,9
Powerlaw,CPFA,18,4,42,12
Powerlaw,CPFA,18,5,52,10
Powerlaw,CPFA,18,6,66,14
Powerlaw,CPFA,18,7,77,11
Powerlaw,CPFA,18,8,89,12
Powerlaw,CPFA,18,9,98,9
Powerlaw,CPFA,18,10,107,9
Powerlaw,CPFA,18,11,114,7
Powerlaw,CPFA,18,12,123,9
Powerlaw,CPFA,19,1,10,10
Powerlaw,CPFA,19,2,25,15
Powerlaw,CPFA,19,3,39,14
Powerlaw,CPFA,19,4,45,6
Powerlaw,CPFA,19,5,56,11
Powerlaw,CPFA,19,6,59,3
Powerlaw,CPFA,19,7,60,1
Powerlaw,CPFA,19,8,60,0
Powerlaw,CPFA,19,9,63,3
Powerlaw,CPFA,19,10,66,3
Powerlaw,CPFA,19,11,67,1
Powerlaw,CPFA,19,12,71,4
Powerlaw,CPFA,20,1,6,6
Powerlaw,CPFA,20,2,13,7
Powerlaw,CPFA,20,3,22,9
Powerlaw,CPFA,20,4,30,8
Powerlaw,CPFA,20,5,40,10
Powerlaw,CPFA,20,6,46,6
Powerlaw,CPFA,20,7,57,11
Powerlaw,CPFA,20,8,68,11
Powerlaw,CPFA,20,9,77,9
Powerlaw,CPFA,20,10,84,7
Powerlaw,CPFA,20,11,90,6
Powerlaw,CPFA,20,12,102,12
Powerlaw,CPFA,21,1,6,6
Powerlaw,CPFA,21,2,12,6
Powerlaw,CPFA,21,3,17,5
Powerlaw,CPFA,21,4,20,3
Powerlaw,CPFA,21,5,26,6
Powerlaw,CPFA,21,6,38,12
Powerlaw,CPFA,21,7,46,8
Powerlaw,CPFA,21,8,52,6
Powerlaw,CPFA,21,9,59,7
Powerlaw,CPFA,21,10,60,1
Powerlaw,CPFA,21,11,65,5
Powerlaw,CPFA,21,12,69,4
Powerlaw,CPFA,22,1,8,8
Powerlaw,CPFA,22,2,19,11
Powerlaw,CPFA,22,3,29,10
Powerlaw,CPFA,22,4,32,3
Powerlaw,CPFA,22,5,37,5
Powerlaw,CPFA,22,6,42,5
Powerlaw,CPFA,22,7,50,8
Powerlaw,CPFA,22,8,55,5
Powerlaw,CPFA,22,9,59,4
Powerlaw,CPFA,22,10,63,4
Powerlaw,CPFA,22,11,65,2
Powerlaw,CPFA,22,12,71,6
Powerlaw,CPFA,23,1,6,6
Powerlaw,CPFA,23,2,13,7
Powerlaw,CPFA,23,3,18,5
Powerlaw,CPFA,23,4,27,9
Powerlaw,CPFA,23,5,39,12
Powerlaw,CPFA,23,6,50,11
Powerlaw,CPFA,23,7,60,10
Powerlaw,CPFA,23,8,72,12
Powerlaw,CPFA,23,9,86,14
Powerlaw,CPFA,23,10,96,10
Powerlaw,CPFA,23,11,106,10
Powerlaw,CPFA,23,12,114,8
Powerlaw,CPFA,24,1,6,6
Powerlaw,CPFA,24,2,13,7
Powerlaw,CPFA,24,3,19,6
Powerlaw,CPFA,24,4,26,7
Powerlaw,CPFA,24,5,29,3
Powerlaw,CPFA,24,6,34,5
Powerlaw,CPFA,24,7,36,2
Powerlaw,CPFA,24,8,40,4
Powerlaw,CPFA,24,9,41,1
Powerlaw,CPFA,24,10,46,5
Powerlaw,CPFA,24,11,49,3
Powerlaw,CPFA,24,12,55,6
Powerlaw,CPFA,25,1,8,8
Powerlaw,CPFA,25,2,15,7
Powerlaw,CPFA,25,3,20,5
Powerlaw,CPFA,25,4,24,4
Powerlaw,CPFA,25,5,31,7
Powerlaw,CPFA,25,6,35,4
Powerlaw,CPFA,25,7,39,4
Powerlaw,CPFA,25,8,45,6
Powerlaw,CPFA,25,9,48,3
Powerlaw,CPFA,25,10,55,7
Powerlaw,CPFA,25,11,61,6
Powerlaw,CPFA,25,12,67,6
Powerlaw,CPFA,26,1,5,5
Powerlaw,CPFA,26,2,12,7
Powerlaw,CPFA,26,3,19,7
Powerlaw,CPFA,26,4,26,7
Powerlaw,CPFA,26,5,27,1
Powerlaw,CPFA,26,6,35,8
Powerlaw,CPFA,26,7,37,2
Powerlaw,CPFA,26,8,41,4
Powerlaw,CPFA,26,9,45,4
Powerlaw,CPFA,26,10,52,7
Powerlaw,CPFA,26,11,55,3
Powerlaw,CPFA,26,12,60,5
Powerlaw,CPFA,27,1,7,7
Powerlaw,CPFA,27,2,13,6
Powerlaw,CPFA,27,3,19,6
Powerlaw,CPFA,27,4,22,3
Powerlaw,CPFA,27,5,28,6
Powerlaw,CPFA,27,6,36,8
Powerlaw,CPFA,27,7,45,9
Powerlaw,CPFA,27,8,53,8
Powerlaw,CPFA,27,9,61,8
Powerlaw,CPFA,27,10,77,16
Powerlaw,CPFA,27,11,90,13
Powerlaw,CPFA,27,12,99,9
Powerlaw,CPFA,28,1,8,8
Powerlaw,CPFA,28,2,12,4
Powerlaw,CPFA,28,3,16,4
Powerlaw,CPFA,28,4,19,3
Powerlaw,CPFA,28,5,24,5
Powerlaw,CPFA,28,6,32,8
Powerlaw,CPFA,28,7,45,13
Powerlaw,CPFA,28,8,59,14
Powerlaw,CPFA,28,9,68,9
Powerlaw,CPFA,28,10,81,13
Powerlaw,CPFA,28,11,91,10
Powerlaw,CPFA,28,12,101,10
Powerlaw,CPFA,29,1,8,8
Powerlaw,CPFA,29,2,17,9
Powerlaw,CPFA,29,3,25,8
Powerlaw,CPFA,29,4,31,6
Powerlaw,CPFA,29,5,36,5
Powerlaw,CPFA,29,6,39,3
Powerlaw,CPFA,29,7,45,6
Powerlaw,CPFA,29,8,49,4
Powerlaw,CPFA,29,9,55,6
Powerlaw,CPFA,29,10,59,4
Powerlaw,CPFA,29,11,64,5
Powerlaw,CPFA,29,12,68,4
Powerlaw,CPFA,30,1,9,9
Powerlaw,CPFA,30,2,22,13
Powerlaw,CPFA,30,3,30,8
Powerlaw,CPFA,30,4,34,4
Powerlaw,CPFA,30,5,38,4
Powerlaw,CPFA,30,6,43,5
Powerlaw,CPFA,30,7,46,3
Powerlaw,CPFA,30,8,55,9
Powerlaw,CPFA,30,9,61,6
Powerlaw,CPFA,30,10,75,14
Powerlaw,CPFA,30,11,85,10
Powerlaw,CPFA,30,12,94,9
Powerlaw,CPFA,31,1,7,7
Powerlaw,CPFA,31,2,15,8
Powerlaw,CPFA,31,3,20,5
Powerlaw,CPFA,31,4,23,3
Powerlaw,CPFA,31,5,26,3
Powerlaw,CPFA,31,6,33,7
Powerlaw,CPFA,31,7,37,4
Powerlaw,CPFA,31,8,40,3
Powerlaw,CPFA,31,9,46,6
Powerlaw,CPFA,31,10,50,4
Powerlaw,CPFA,31,11,57,7
Powerlaw,CPFA,31,12,66,9
Powerlaw,CPFA,32,1,6,6
Powerlaw,CPFA,32,2,19,13
Powerlaw,CPFA,32,3,21,2
Powerlaw,CPFA,32,4,29,8
Powerlaw,CPFA,32,5,36,7
Powerlaw,CPFA,32,6,43,7
Powerlaw,CPFA,32,7,54,11
Powerlaw,CPFA,32,8,64,10
Powerlaw,CPFA,32,9,70,6
Powerlaw,CPFA,32,10,76,6
Powerlaw,CPFA,32,11,78,2
Powerlaw,CPFA,32,12,82,4
Powerlaw,CPFA,33,1,9,9
Powerlaw,CPFA,33,2,17,8
Powerlaw,CPFA,33,3,25,8
Powerlaw,CPFA,33,4,32,7
Powerlaw,CPFA,33,5,35,3
Powerlaw,CPFA,33,6,38,3
Powerlaw,CPFA,33,7,43,5
Powerlaw,CPFA,33,8,48,5
Powerlaw,CPFA,33,9,52,4
Powerlaw,CPFA,33,10,55,3
Powerlaw,CPFA,33,11,57,2
Powerlaw,CPFA,33,12,63,6
Powerlaw,CPFA,34,1,8,8
Powerlaw,CPFA,34,2,15,7
Powerlaw,CPFA,34,3,22,7
Powerlaw,CPFA,34,4,27,5
Powerlaw,CPFA,34,5,32,5
Powerlaw,CPFA,34,6,35,3
Powerlaw,CPFA,34,7,41,6
Powerlaw,CPFA,34,8,46,5
Powerlaw,CPFA,34,9,49,3
Powerlaw,CPFA,34,10,55,6
Powerlaw,CPFA,34,11,62,7
Powerlaw,CPFA,34,12,68,6
Powerlaw,CPFA,35,1,9,9
Powerlaw,CPFA,35,2,15,6
Powerlaw,CPFA,35,3,19,4
Powerlaw,CPFA,35,4,26,7
Powerlaw,CPFA,35,5,31,5
Powerlaw,CPFA,35,6,37,6
Powerlaw,CPFA,35,7,44,7
Powerlaw,CPFA,35,8,47,3
Powerlaw,CPFA,35,9,54,7
Powerlaw,CPFA,35,10,57,3
Powerlaw,CPFA,35,11,66,9
Powerlaw,CPFA,35,12,76,10
Powerlaw,CPFA,36,1,5,5
Powerlaw,CPFA,36,2,18,13
Powerlaw,CPFA,36,3,22,4
Powerlaw,CPFA,36,4,31,9
Powerlaw,CPFA,36,5,36,5
Powerlaw,CPFA,36,6,42,6
Powerlaw,CPFA,36,7,45,3
Powerlaw,CPFA,36,8,49,4
Powerlaw,CPFA,36,9,50,1
Powerlaw,CPFA,36,10,55,5
Powerlaw,CPFA,36,11,63,8
Powerlaw,CPFA,36,12,77,14
Powerlaw,CPFA,37,1,9,9
Powerlaw,CPFA,37,2,20,11
Powerlaw,CPFA,37,3,24,4
Powerlaw,CPFA,37,4,27,3
Powerlaw,CPFA,37,5,31,4
Powerlaw,CPFA,37,6,36,5
Powerlaw,CPFA,37,7,43,7
Powerlaw,CPFA,37,8,46,3
Powerlaw,CPFA,37,9,51,5
Powerlaw,CPFA,37,10,54,3
Powerlaw,CPFA,37,11,57,3
Powerlaw,CPFA,37,12,62,5
Powerlaw,CPFA,38,1,8,8
Powerlaw,CPFA,38,2,20,12
Powerlaw,CPFA,38,3,28,8
Powerlaw,CPFA,38,4,33,5
Powerlaw,CPFA,38,5,40,7
Powerlaw,CPFA,38,6,53,13
Powerlaw,CPFA,38,7,61,8
Powerlaw,CPFA,38,8,69,8
Powerlaw,CPFA,38,9,80,11
Powerlaw,CPFA,38,10,90,10
Powerlaw,CPFA,38,11,100,10
Powerlaw,CPFA,38,12,107,7
Powerlaw,CPFA,39,1,9,9
Powerlaw,CPFA,39,2,24,15
Powerlaw,CPFA,39,3,34,10
Powerlaw,CPFA,39,4,42,8
Powerlaw,CPFA,39,5,47,5
Powerlaw,CPFA,39,6,55,8
Powerlaw,CPFA,39,7,68,13
Powerlaw,CPFA,39,8,80,12
Powerlaw,CPFA,39,9,91,11
Powerlaw,CPFA,39,10,95,4
Powerlaw,CPFA,39,11,97,2
Powerlaw,CPFA,39,12,97,0
Powerlaw,CPFA,40,1,9,9
Powerlaw,CPFA,40,2,16,7
Powerlaw,CPFA,40,3,24,8
Powerlaw,CPFA,40,4,31,7
Powerlaw,CPFA,40,5,37,6
Powerlaw,CPFA,40,6,45,8
Powerlaw,CPFA,40,7,56,11
Powerlaw,CPFA,40,8,68,12
Powerlaw,CPFA,40,9,78,10
Powerlaw,CPFA,40,10,90,12
Powerlaw,CPFA,40,11,96,6
Powerlaw,CPFA,40,12,107,11
Powerlaw,CPFA,41,1,7,7
Powerlaw,CPFA,41,2,16,9
Powerlaw,CPFA,41,3,23,7
Powerlaw,CPFA,41,4,34,11
Powerlaw,CPFA,41,5,43,9
Powerlaw,CPFA,41,6,57,14
Powerlaw,CPFA,41,7,67,10
Powerlaw,CPFA,41,8,72,5
Powerlaw,CPFA,41,9,74,2
Powerlaw,CPFA,41,10,78,4
Powerlaw,CPFA,41,11,86,8
Powerlaw,CPFA,41,12,95,9
Powerlaw,CPFA,42,1,11,11
Powerlaw,CPFA,42,2,22,11
Powerlaw,CPFA,42,3,35,13
Powerlaw,CPFA,42,4,43,8
Powerlaw,CPFA,42,5,47,4
Powerlaw,CPFA,42,6,52,5
Powerlaw,CPFA,42,7,57,5
Powerlaw,CPFA,42,8,62,5
Powerlaw,CPFA,42,9,66,4
Powerlaw,CPFA,42,10,68,2
Powerlaw,CPFA,42,11,76,8
Powerlaw,CPFA,42,12,88,12
Powerlaw,CPFA,43,1,4,4
Powerlaw,CPFA,43,2,11,7
Powerlaw,CPFA,43,3,16,5
Powerlaw,CPFA,43,4,20,4
Powerlaw,CPFA,43,5,26,6
Powerlaw,CPFA,43,6,31,5
Powerlaw,CPFA,43,7,39,8
Powerlaw,CPFA,43,8,46,7
Powerlaw,CPFA,43,9,56,10
Powerlaw,CPFA,43,10,68,12
Powerlaw,CPFA,43,11,82,14
Powerlaw,CPFA,43,12,93,11
Powerlaw,CPFA,44,1,6,6
Powerlaw,CPFA,44,2,12,6
Powerlaw,CPFA,44,3,16,4
Powerlaw,CPFA,44,4,21,5
Powerlaw,CPFA,44,5,26,5
Powerlaw,CPFA,44,6,31,5
Powerlaw,CPFA,44,7,41,10
Powerlaw,CPFA,44,8,42,1
Powerlaw,CPFA,44,9,46,4
Powerlaw,CPFA,44,10,51,5
Powerlaw,CPFA,44,11,55,4
Powerlaw,CPFA,44,12,60,5
Powerlaw,CPFA,45,1,9,9
Powerlaw,CPFA,45,2,17,8
Powerlaw,CPFA,45,3,23,6
Powerlaw,CPFA,45,4,26,3
Powerlaw,CPFA,45,5,32,6
Powerlaw,CPFA,45,6,37,5
Powerlaw,CPFA,45,7,45,8
Powerlaw,CPFA,45,8,45,0
Powerlaw,CPFA,45,9,47,2
Powerlaw,CPFA,45,10,50,3
Powerlaw,CPFA,45,11,52,2
Powerlaw,CPFA,45,12,53,1
Powerlaw,CPFA,46,1,8,8
Powerlaw,CPFA,46,2,14,6
Powerlaw,CPFA,46,3,19,5
Powerlaw,CPFA,46,4,25,6
Powerlaw,CPFA,46,5,31,6
Powerlaw,CPFA,46,6,38,7
Powerlaw,CPFA,46,7,46,8
Powerlaw,CPFA,46,8,51,5
Powerlaw,CPFA,46,9,56,5
Powerlaw,CPFA,46,10,63,7
Powerlaw,CPFA,46,11,71,8
Powerlaw,CPFA,46,12,82,11
Powerlaw,CPFA,47,1,9,9
Powerlaw,CPFA,47,2,13,4
Powerlaw,CPFA,47,3,17,4
Powerlaw,CPFA,47,4,22,5
Powerlaw,CPFA,47,5,29,7
Powerlaw,CPFA,47,6,36,7
Powerlaw,CPFA,47,7,44,8
Powerlaw,CPFA,47,8,52,8
Powerlaw,CPFA,47,9,58,6
Powerlaw,CPFA,47,10,64,6
Powerlaw,CPFA,47,11,70,6
Powerlaw,CPFA,47,12,74,4
Powerlaw,CPFA,48,1,5,5
Powerlaw,CPFA,48,2,11,6
Powerlaw,CPFA,48,3,15,4
Powerlaw,CPFA,48,4,25,10
Powerlaw,CPFA,48,5,28,3
Powerlaw,CPFA,48,6,33,5
Powerlaw,CPFA,48,7,38,5
Powerlaw,CPFA,48,8,45,7
Powerlaw,CPFA,48,9,51,6
Powerlaw,CPFA,48,10,55,4
Powerlaw,CPFA,48,11,67,12
Powerlaw,CPFA,48,12,79,12
Powerlaw,CPFA,49,1,10,10
Powerlaw,CPFA,49,2,16,6
Powerlaw,CPFA,49,3,22,6
Powerlaw,CPFA,49,4,27,5
Powerlaw,CPFA,49,5,29,2
Powerlaw,CPFA,49,6,33,4
Powerlaw,CPFA,49,7,34,1
Powerlaw,CPFA,49,8,38,4
Powerlaw,CPFA,49,9,46,8
Powerlaw,CPFA,49,10,52,6
Powerlaw,CPFA,49,11,54,2
Powerlaw,CPFA,49,12,56,2
Powerlaw,CPFA,50,1,8,8
Powerlaw,CPFA,50,2,16,8
Powerlaw,CPFA,50,3,20,4
Powerlaw,CPFA,50,4,23,3
Powerlaw,CPFA,50,5,28,5
Powerlaw,CPFA,50,6,34,6
Powerlaw,CPFA,50,7,44,10
Powerlaw,CPFA,50,8,56,12
Powerlaw,CPFA,50,9,67,11
Powerlaw,CPFA,50,10,76,9
Powerlaw,CPFA,50,11,81,5
Powerlaw,CPFA,50,12,87,6
Powerlaw,AHCFA,1,1,6,6
Powerlaw,AHCFA,1,2,15,9
Powerlaw,AHCFA,1,3,20,5
Powerlaw,AHCFA,1,4,31,11
Powerlaw,AHCFA,1,5,39,8
Powerlaw,AHCFA,1,6,48,9
Powerlaw,AHCFA,1,7,62,14
Powerlaw,AHCFA,1,8,73,11
Powerlaw,AHCFA,1,9,83,10
Powerlaw,AHCFA,1,10,91,8
Powerlaw,AHCFA,1,11,101,10
Powerlaw,AHCFA,1,12,108,7
Powerlaw,AHCFA,2,1,10,10
Powerlaw,AHCFA,2,2,18,8
Powerlaw,AHCFA,2,3,30,12
Powerlaw,AHCFA,2,4,43,13
Powerlaw,AHCFA,2,5,50,7
Powerlaw,AHCFA,2,6,55,5
Powerlaw,AHCFA,2,7,70,15
Powerlaw,AHCFA,2,8,81,11
Powerlaw,AHCFA,2,9,94,13
Powerlaw,AHCFA,2,10,106,12
Powerlaw,AHCFA,2,11,115,9
Powerlaw,AHCFA,2,12,125,10
Powerlaw,AHCFA,3,1,9,9
Powerlaw,AHCFA,3,2,24,15
Powerlaw,AHCFA,3,3,35,11
Powerlaw,AHCFA,3,4,44,9
Powerlaw,AHCFA,3,5,56,12
Powerlaw,AHCFA,3,6,67,11
Powerlaw,AHCFA,3,7,79,12
Powerlaw,AHCFA,3,8,89,10
Powerlaw,AHCFA,3,9,98,9
Powerlaw,AHCFA,3,10,110,12
Powerlaw,AHCFA,3,11,121,11
Powerlaw,AHCFA,3,12,129,8
Powerlaw,AHCFA,4,1,7,7
Powerlaw,AHCFA,4,2,16,9
Powerlaw,AHCFA,4,3,21,5
Powerlaw,AHCFA,4,4,27,6
Powerlaw,AHCFA,4,5,31,4
Powerlaw,AHCFA,4,6,34,3
Powerlaw,AHCFA,4,7,42,8
Powerlaw,AHCFA,4,8,48,6
Powerlaw,AHCFA,4,9,56,8
Powerlaw,AHCFA,4,10,61,5
Powerlaw,AHCFA,4,11,66,5
Powerlaw,AHCFA,4,12,74,8
Powerlaw,AHCFA,5,1,9,9
Powerlaw,AHCFA,5,2,16,7
Powerlaw,AHCFA,5,3,23,7
Powerlaw,AHCFA,5,4,32,9
Powerlaw,AHCFA,5,5,38,6
Powerlaw,AHCFA,5,6,40,2
Powerlaw,AHCFA,5,7,45,5
Powerlaw,AHCFA,5,8,51,6
Powerlaw,AHCFA,5,9,56,5
Powerlaw,AHCFA,5,10,60,4
Powerlaw,AHCFA,5,11,69,9
Powerlaw,AHCFA,5,12,72,3
Powerlaw,AHCFA,6,1,7,7
Powerlaw,AHCFA,6,2,18,11
Powerlaw,AHCFA,6,3,24,6
Powerlaw,AHCFA,6,4,29,5
Powerlaw,AHCFA,6,5,34,5
Powerlaw,AHCFA,6,6,43,9
Powerlaw,AHCFA,6,7,55,12
Powerlaw,AHCFA,6,8,67,12
Powerlaw,AHCFA,6,9,72,5
Powerlaw,AHCFA,6,10,80,8
Powerlaw,AHCFA,6,11,92,12
Powerlaw,AHCFA,6,12,102,10
Powerlaw,AHCFA,7,1,6,6
Powerlaw,AHCFA,7,2,11,5
Powerlaw,AHCFA,7,3,18,7
Powerlaw,AHCFA,7,4,28,10
Powerlaw,AHCFA,7,5,38,10
Powerlaw,AHCFA,7,6,44,6
Powerlaw,AHCFA,7,7,50,6
Powerlaw,AHCFA,7,8,55,5
Powerlaw,AHCFA,7,9,66,11
Powerlaw,AHCFA,7,10,73,7
Powerlaw,AHCFA,7,11,86,13
Powerlaw,AHCFA,7,12,99,13
Powerlaw,AHCFA,8,1,4,4
Powerlaw,AHCFA,8,2,11,7
Powerlaw,AHCFA,8,3,17,6
Powerlaw,AHCFA,8,4,26,9
Powerlaw,AHCFA,8,5,28,2
Powerlaw,AHCFA,8,6,34,6
Powerlaw,AHCFA,8,7,38,4
Powerlaw,AHCFA,8,8,44,6
Powerlaw,AHCFA,8,9,52,8
Powerlaw,AHCFA,8,10,62,10
Powerlaw,AHCFA,8,11,74,12
Powerlaw,AHCFA,8,12,86,12
Powerlaw,AHCFA,9,1,11,11
Powerlaw,AHCFA,9,2,25,14
Powerlaw,AHCFA,9,3,34,9
Powerlaw,AHCFA,9,4,43,9
Powerlaw,AHCFA,9,5,49,6
Powerlaw,AHCFA,9,6,60,11
Powerlaw,AHCFA,9,7,67,7
Powerlaw,AHCFA,9,8,79,12
Powerlaw,AHCFA,9,9,91,12
Powerlaw,AHCFA,9,10,100,9
Powerlaw,AHCFA,9,11,112,12
Powerlaw,AHCFA,9,12,122,10
Powerlaw,AHCFA,10,1,8,8
Powerlaw,AHCFA,10,2,17,9
Powerlaw,AHCFA,10,3,26,9
Powerlaw,AHCFA,10,4,30,4
Powerlaw,AHCFA,10,5,41,11
Powerlaw,AHCFA,10,6,49,8
Powerlaw,AHCFA,10,7,55,6
Powerlaw,AHCFA,10,8,59,4
Powerlaw,AHCFA,10,9,62,3
Powerlaw,AHCFA,10,10,66,4
Powerlaw,AHCFA,10,11,71,5
Powerlaw,AHCFA,10,12,81,10
Powerlaw,AHCFA,11,1,8,8
Powerlaw,AHCFA,11,2,18,10
Powerlaw,AHCFA,11,3,25,7
Powerlaw,AHCFA,11,4,30,5
Powerlaw,AHCFA,11,5,34,4
Powerlaw,AHCFA,11,6,44,10
Powerlaw,AHCFA,11,7,56,12
Powerlaw,AHCFA,11,8,66,10
Powerlaw,AHCFA,11,9,77,11
Powerlaw,AHCFA,11,10,92,15
Powerlaw,AHCFA,11,11,102,10
Powerlaw,AHCFA,11,12,110,8
Powerlaw,AHCFA,12,1,9,9
Powerlaw,AHCFA,12,2,19,10
Powerlaw,AHCFA,12,3,21,2
Powerlaw,AHCFA,12,4,26,5
Powerlaw,AHCFA,12,5,34,8
Powerlaw,AHCFA,12,6,39,5
Powerlaw,AHCFA,12,7,46,7
Powerlaw,AHCFA,12,8,52,6
Powerlaw,AHCFA,12,9,60,8
Powerlaw,AHCFA,12,10,67,7
Powerlaw,AHCFA,12,11,75,8
Powerlaw,AHCFA,12,12,84,9
Powerlaw,AHCFA,13,1,6,6
Powerlaw,AHCFA,13,2,15,9
Powerlaw,AHCFA,13,3,23,8
Powerlaw,AHCFA,13,4,25,2
Powerlaw,AHCFA,13,5,32,7
Powerlaw,AHCFA,13,6,41,9
Powerlaw,AHCFA,13,7,47,6
Powerlaw,AHCFA,13,8,56,9
Powerlaw,AHCFA,13,9,64,8
Powerlaw,AHCFA,13,10,68,4
Powerlaw,AHCFA,13,11,76,8
Powerlaw,AHCFA,13,12,85,9
Powerlaw,AHCFA,14,1,7,7
Powerlaw,AHCFA,14,2,18,11
Powerlaw,AHCFA,14,3,21,3
Powerlaw,AHCFA,14,4,27,6
Powerlaw,AHCFA,14,5,32,5
Powerlaw,AHCFA,14,6,35,3
Powerlaw,AHCFA,14,7,41,6
Powerlaw,AHCFA,14,8,46,5
Powerlaw,AHCFA,14,9,52,6
Powerlaw,AHCFA,14,10,56,4
Powerlaw,AHCFA,14,11,62,6
Powerlaw,AHCFA,14,12,66,4
Powerlaw,AHCFA,15,1,8,8
Powerlaw,AHCFA,15,2,20,12
Powerlaw,AHCFA,15,3,33,13
Powerlaw,AHCFA,15,4,45,12
Powerlaw,AHCFA,15,5,55,10
Powerlaw,AHCFA,15,6,67,12
Powerlaw,AHCFA,15,7,80,13
Powerlaw,AHCFA,15,8,90,10
Powerlaw,AHCFA,15,9,99,9
Powerlaw,AHCFA,15,10,109,10
Powerlaw,AHCFA,15,11,119,10
Powerlaw,AHCFA,15,12,129,10
Powerlaw,AHCFA,16,1,9,9
Powerlaw,AHCFA,16,2,18,9
Powerlaw,AHCFA,16,3,27,9
Powerlaw,AHCFA,16,4,40,13
Powerlaw,AHCFA,16,5,52,12
Powerlaw,AHCFA,16,6,59,7
Powerlaw,AHCFA,16,7,67,8
Powerlaw,AHCFA,16,8,73,6
Powerlaw,AHCFA,16,9,75,2
Powerlaw,AHCFA,16,10,75,0
Powerlaw,AHCFA,16,11,77,2
Powerlaw,AHCFA,16,12,80,3
Powerlaw,AHCFA,17,1,9,9
Powerlaw,AHCFA,17,2,18,9
Powerlaw,AHCFA,17,3,21,3
Powerlaw,AHCFA,17,4,29,8
Powerlaw,AHCFA,17,5,40,11
Powerlaw,AHCFA,17,6,51,11
Powerlaw,AHCFA,17,7,61,10
Powerlaw,AHCFA,17,8,68,7
Powerlaw,AHCFA,17,9,75,7
Powerlaw,AHCFA,17,10,87,12
Powerlaw,AHCFA,17,11,98,11
Powerlaw,AHCFA,17,12,107,9
Powerlaw,AHCFA,18,1,8,8
Powerlaw,AHCFA,18,2,21,13
Powerlaw,AHCFA,18,3,30,9
Powerlaw,AHCFA,18,4,42,12
Powerlaw,AHCFA,18,5,52,10
Powerlaw,AHCFA,18,6,66,14
Powerlaw,AHCFA,18,7,77,11
Powerlaw,AHCFA,18,8,88,11
Powerlaw,AHCFA,18,9,100,12
Powerlaw,AHCFA,18,10,109,9
Powerlaw,AHCFA,18,11,121,12
Powerlaw,AHCFA,18,12,129,8
Powerlaw,AHCFA,19,1,10,10
Powerlaw,AHCFA,19,2,25,15
Powerlaw,AHCFA,19,3,39,14
Powerlaw,AHCFA,19,4,49,10
Powerlaw,AHCFA,19,5,61,12
Powerlaw,AHCFA,19,6,65,4
Powerlaw,AHCFA,19,7,66,1
Powerlaw,AHCFA,19,8,66,0
Powerlaw,AHCFA,19,9,67,1
Powerlaw,AHCFA,19,10,70,3
Powerlaw,AHCFA,19,11,73,3
Powerlaw,AHCFA,19,12,74,1
Powerlaw,AHCFA,20,1,6,6
Powerlaw,AHCFA,20,2,13,7
Powerlaw,AHCFA,20,3,22,9
Powerlaw,AHCFA,20,4,30,8
Powerlaw,AHCFA,20,5,41,11
Powerlaw,AHCFA,20,6,53,12
Powerlaw,AHCFA,20,7,63,10
Powerlaw,AHCFA,20,8,72,9
Powerlaw,AHCFA,20,9,82,10
Powerlaw,AHCFA,20,10,88,6
Powerlaw,AHCFA,20,11,93,5
Powerlaw,AHCFA,20,12,103,10
Powerlaw,AHCFA,21,1,6,6
Powerlaw,AHCFA,21,2,16,10
Powerlaw,AHCFA,21,3,23,7
Powerlaw,AHCFA,21,4,27,4
Powerlaw,AHCFA,21,5,33,6
Powerlaw,AHCFA,21,6,38,5
Powerlaw,AHCFA,21,7,43,5
Powerlaw,AHCFA,21,8,54,11
Powerlaw,AHCFA,21,9,62,8
Powerlaw,AHCFA,21,10,68,6
Powerlaw,AHCFA,21,11,76,8
Powerlaw,AHCFA,21,12,79,3
Powerlaw,AHCFA,22,1,8,8
Powerlaw,AHCFA,22,2,19,11
Powerlaw,AHCFA,22,3,29,10
Powerlaw,AHCFA,22,4,32,3
Powerlaw,AHCFA,22,5,37,5
Powerlaw,AHCFA,22,6,42,5
Powerlaw,AHCFA,22,7,50,8
Powerlaw,AHCFA,22,8,55,5
Powerlaw,AHCFA,22,9,59,4
Powerlaw,AHCFA,22,10,64,5
Powerlaw,AHCFA,22,11,69,5
Powerlaw,AHCFA,22,12,81,12
Powerlaw,AHCFA,23,1,6,6
Powerlaw,AHCFA,23,2,16,10
Powerlaw,AHCFA,23,3,20,4
Powerlaw,AHCFA,23,4,28,8
Powerlaw,AHCFA,23,5,33,5
Powerlaw,AHCFA,23,6,39,6
Powerlaw,AHCFA,23,7,44,5
Powerlaw,AHCFA,23,8,46,2
Powerlaw,AHCFA,23,9,50,4
Powerlaw,AHCFA,23,10,52,2
Powerlaw,AHCFA,23,11,57,5
Powerlaw,AHCFA,23,12,62,5
Powerlaw,AHCFA,24,1,6,6
Powerlaw,AHCFA,24,2,12,6
Powerlaw,AHCFA,24,3,17,5
Powerlaw,AHCFA,24,4,20,3
Powerlaw,AHCFA,24,5,22,2
Powerlaw,AHCFA,24,6,28,6
Powerlaw,AHCFA,24,7,35,7
Powerlaw,AHCFA,24,8,38,3
Powerlaw,AHCFA,24,9,45,7
Powerlaw,AHCFA,24,10,55,10
Powerlaw,AHCFA,24,11,68,13
Powerlaw,AHCFA,24,12,82,14
Powerlaw,AHCFA,25,1,8,8
Powerlaw,AHCFA,25,2,15,7
Powerlaw,AHCFA,25,3,25,10
Powerlaw,AHCFA,25,4,35,10
Powerlaw,AHCFA,25,5,41,6
Powerlaw,AHCFA,25,6,47,6
Powerlaw,AHCFA,25,7,52,5
Powerlaw,AHCFA,25,8,56,4
Powerlaw,AHCFA,25,9,60,4
Powerlaw,AHCFA,25,10,63,3
Powerlaw,AHCFA,25,11,69,6
Powerlaw,AHCFA,25,12,74,5
Powerlaw,AHCFA,26,1,6,6
Powerlaw,AHCFA,26,2,11,5
Powerlaw,AHCFA,26,3,16,5
Powerlaw,AHCFA,26,4,21,5
Powerlaw,AHCFA,26,5,26,5
Powerlaw,AHCFA,26,6,34,8
Powerlaw,AHCFA,26,7,44,10
Powerlaw,AHCFA,26,8,55,11
Powerlaw,AHCFA,26,9,66,11
Powerlaw,AHCFA,26,10,80,14
Powerlaw,AHCFA,26,11,92,12
Powerlaw,AHCFA,26,12,104,12
Powerlaw,AHCFA,27,1,7,7
Powerlaw,AHCFA,27,2,13,6
Powerlaw,AHCFA,27,3,18,5
Powerlaw,AHCFA,27,4,25,7
Powerlaw,AHCFA,27,5,30,5
Powerlaw,AHCFA,27,6,36,6
Powerlaw,AHCFA,27,7,46,10
Powerlaw,AHCFA,27,8,53,7
Powerlaw,AHCFA,27,9,61,8
Powerlaw,AHCFA,27,10,68,7
Powerlaw,AHCFA,27,11,78,10
Powerlaw,AHCFA,27,12,87,9
Powerlaw,AHCFA,28,1,8,8
Powerlaw,AHCFA,28,2,11,3
Powerlaw,AHCFA,28,3,17,6
Powerlaw,AHCFA,28,4,23,6
Powerlaw,AHCFA,28,5,26,3
Powerlaw,AHCFA,28,6,29,3
Powerlaw,AHCFA,28,7,34,5
Powerlaw,AHCFA,28,8,43,9
Powerlaw,AHCFA,28,9,52,9
Powerlaw,AHCFA,28,10,60,8
Powerlaw,AHCFA,28,11,66,6
Powerlaw,AHCFA,28,12,71,5
Powerlaw,AHCFA,29,1,8,8
Powerlaw,AHCFA,29,2,17,9
Powerlaw,AHCFA,29,3,25,8
Powerlaw,AHCFA,29,4,29,4
Powerlaw,AHCFA,29,5,34,5
Powerlaw,AHCFA,29,6,40,6
Powerlaw,AHCFA,29,7,46,6
Powerlaw,AHCFA,29,8,53,7
Powerlaw,AHCFA,29,9,59,6
Powerlaw,AHCFA,29,10,67,8
Powerlaw,AHCFA,29,11,77,10
Powerlaw,AHCFA,29,12,86,9
Powerlaw,AHCFA,30,1,8,8
Powerlaw,AHCFA,30,2,12,4
Powerlaw,AHCFA,30,3,18,6
Powerlaw,AHCFA,30,4,22,4
Powerlaw,AHCFA,30,5,26,4
Powerlaw,AHCFA,30,6,32,6
Powerlaw,AHCFA,30,7,37,5
Powerlaw,AHCFA,30,8,43,6
Powerlaw,AHCFA,30,9,47,4
Powerlaw,AHCFA,30,10,52,5
Powerlaw,AHCFA,30,11,55,3
Powerlaw,AHCFA,30,12,61,6
Powerlaw,AHCFA,31,1,7,7
Powerlaw,AHCFA,31,2,21,14
Powerlaw,AHCFA,31,3,28,7
Powerlaw,AHCFA,31,4,36,8
Powerlaw,AHCFA,31,5,43,7
Powerlaw,AHCFA,31,6,54,11
Powerlaw,AHCFA,31,7,60,6
Powerlaw,AHCFA,31,8,67,7
Powerlaw,AHCFA,31,9,69,2
Powerlaw,AHCFA,31,10,79,10
Powerlaw,AHCFA,31,11,86,7
Powerlaw,AHCFA,31,12,92,6
Powerlaw,AHCFA,32,1,6,6
Powerlaw,AHCFA,32,2,17,11
Powerlaw,AHCFA,32,3,23,6
Powerlaw,AHCFA,32,4,30,7
Powerlaw,AHCFA,32,5,38,8
Powerlaw,AHCFA,32,6,50,12
Powerlaw,AHCFA,32,7,57,7
Powerlaw,AHCFA,32,8,65,8
Powerlaw,AHCFA,32,9,73,8
Powerlaw,AHCFA,32,10,74,1
Powerlaw,AHCFA,32,11,76,2
Powerlaw,AHCFA,32,12,77,1
Powerlaw,AHCFA,33,1,9,9
Powerlaw,AHCFA,33,2,19,10
Powerlaw,AHCFA,33,3,24,5
Powerlaw,AHCFA,33,4,32,8
Powerlaw,AHCFA,33,5,35,3
Powerlaw,AHCFA,33,6,41,6
Powerlaw,AHCFA,33,7,44,3
Powerlaw,AHCFA,33,8,50,6
Powerlaw,AHCFA,33,9,55,5
Powerlaw,AHCFA,33,10,62,7
Powerlaw,AHCFA,33,11,67,5
Powerlaw,AHCFA,33,12,74,7
Powerlaw,AHCFA,34,1,8,8
Powerlaw,AHCFA,34,2,15,7
Powerlaw,AHCFA,34,3,22,7
Powerlaw,AHCFA,34,4,29,7
Powerlaw,AHCFA,34,5,35,6
Powerlaw,AHCFA,34,6,42,7
Powerlaw,AHCFA,34,7,45,3
Powerlaw,AHCFA,34,8,52,7
Powerlaw,AHCFA,34,9,59,7
Powerlaw,AHCFA,34,10,71,12
Powerlaw,AHCFA,34,11,80,9
Powerlaw,AHCFA,34,12,92,12
Powerlaw,AHCFA,35,1,9,9
Powerlaw,AHCFA,35,2,15,6
Powerlaw,AHCFA,35,3,24,9
Powerlaw,AHCFA,35,4,29,5
Powerlaw,AHCFA,35,5,33,4
Powerlaw,AHCFA,35,6,39,6
Powerlaw,AHCFA,35,7,47,8
Powerlaw,AHCFA,35,8,58,11
Powerlaw,AHCFA,35,9,72,14
Powerlaw,AHCFA,35,10,82,10
Powerlaw,AHCFA,35,11,93,11
Powerlaw,AHCFA,35,12,105,12
Powerlaw,AHCFA,36,1,5,5
Powerlaw,AHCFA,36,2,18,13
Powerlaw,AHCFA,36,3,23,5
Powerlaw,AHCFA,36,4,31,8
Powerlaw,AHCFA,36,5,41,10
Powerlaw,AHCFA,36,6,52,11
Powerlaw,AHCFA,36,7,62,10
Powerlaw,AHCFA,36,8,74,12
Powerlaw,AHCFA,36,9,84,10
Powerlaw,AHCFA,36,10,96,12
Powerlaw,AHCFA,36,11,105,9
Powerlaw,AHCFA,36,12,114,9
Powerlaw,AHCFA,37,1,9,9
Powerlaw,AHCFA,37,2,24,15
Powerlaw,AHCFA,37,3,35,11
Powerlaw,AHCFA,37,4,43,8
Powerlaw,AHCFA,37,5,49,6
Powerlaw,AHCFA,37,6,59,10
Powerlaw,AHCFA,37,7,63,4
Powerlaw,AHCFA,37,8,67,4
Powerlaw,AHCFA,37,9,77,10
Powerlaw,AHCFA,37,10,90,13
Powerlaw,AHCFA,37,11,99,9
Powerlaw,AHCFA,37,12,112,13
Powerlaw,AHCFA,38,1,8,8
Powerlaw,AHCFA,38,2,20,12
Powerlaw,AHCFA,38,3,28,8
Powerlaw,AHCFA,38,4,32,4
Powerlaw,AHCFA,38,5,36,4
Powerlaw,AHCFA,38,6,40,4
Powerlaw,AHCFA,38,7,45,5
Powerlaw,AHCFA,38,8,47,2
Powerlaw,AHCFA,38,9,51,4
Powerlaw,AHCFA,38,10,53,2
Powerlaw,AHCFA,38,11,61,8
Powerlaw,AHCFA,38,12,72,11
Powerlaw,AHCFA,39,1,9,9
Powerlaw,AHCFA,39,2,24,15
Powerlaw,AHCFA,39,3,35,11
Powerlaw,AHCFA,39,4,44,9
Powerlaw,AHCFA,39,5,50,6
Powerlaw,AHCFA,39,6,58,8
Powerlaw,AHCFA,39,7,63,5
Powerlaw,AHCFA,39,8,66,3
Powerlaw,AHCFA,39,9,71,5
Powerlaw,AHCFA,39,10,77,6
Powerlaw,AHCFA,39,11,83,6
Powerlaw,AHCFA,39,12,87,4
Powerlaw,AHCFA,40,1,9,9
Powerlaw,AHCFA,40,2,16,7
Powerlaw,AHCFA,40,3,22,6
Powerlaw,AHCFA,40,4,30,8
Powerlaw,AHCFA,40,5,42,12
Powerlaw,AHCFA,40,6,46,4
Powerlaw,AHCFA,40,7,53,7
Powerlaw,AHCFA,40,8,61,8
Powerlaw,AHCFA,40,9,71,10
Powerlaw,AHCFA,40,10,82,11
Powerlaw,AHCFA,40,11,94,12
Powerlaw,AHCFA,40,12,101,7
Powerlaw,AHCFA,41,1,7,7
Powerlaw,AHCFA,41,2,16,9
Powerlaw,AHCFA,41,3,23,7
Powerlaw,AHCFA,41,4,28,5
Powerlaw,AHCFA,41,5,33,5
Powerlaw,AHCFA,41,6,39,6
Powerlaw,AHCFA,41,7,50,11
Powerlaw,AHCFA,41,8,63,13
Powerlaw,AHCFA,41,9,72,9
Powerlaw,AHCFA,41,10,82,10
Powerlaw,AHCFA,41,11,94,12
Powerlaw,AHCFA,41,12,105,11
Powerlaw,AHCFA,42,1,11,11
Powerlaw,AHCFA,42,2,21,10
Powerlaw,AHCFA,42,3,27,6
Powerlaw,AHCFA,42,4,31,4
Powerlaw,AHCFA,42,5,35,4
Powerlaw,AHCFA,42,6,40,5
Powerlaw,AHCFA,42,7,45,5
Powerlaw,AHCFA,42,8,50,5
Powerlaw,AHCFA,42,9,56,6
Powerlaw,AHCFA,42,10,62,6
Powerlaw,AHCFA,42,11,65,3
Powerlaw,AHCFA,42,12,67,2
Powerlaw,AHCFA,43,1,4,4
Powerlaw,AHCFA,43,2,11,7
Powerlaw,AHCFA,43,3,16,5
Powerlaw,AHCFA,43,4,20,4
Powerlaw,AHCFA,43,5,25,5
Powerlaw,AHCFA,43,6,31,6
Powerlaw,AHCFA,43,7,41,10
Powerlaw,AHCFA,43,8,47,6
Powerlaw,AHCFA,43,9,56,9
Powerlaw,AHCFA,43,10,62,6
Powerlaw,AHCFA,43,11,68,6
Powerlaw,AHCFA,43,12,73,5
Powerlaw,AHCFA,44,1,6,6
Powerlaw,AHCFA,44,2,13,7
Powerlaw,AHCFA,44,3,19,6
Powerlaw,AHCFA,44,4,27,8
Powerlaw,AHCFA,44,5,39,12
Powerlaw,AHCFA,44,6,52,13
Powerlaw,AHCFA,44,7,62,10
Powerlaw,AHCFA,44,8,72,10
Powerlaw,AHCFA,44,9,82,10
Powerlaw,AHCFA,44,10,89,7
Powerlaw,AHCFA,44,11,97,8
Powerlaw,AHCFA,44,12,109,12
Powerlaw,AHCFA,45,1,13,13
Powerlaw,AHCFA,45,2,23,10
Powerlaw,AHCFA,45,3,37,14
Powerlaw,AHCFA,45,4,48,11
Powerlaw,AHCFA,45,5,59,11
Powerlaw,AHCFA,45,6,65,6
Powerlaw,AHCFA,45,7,75,10
Powerlaw,AHCFA,45,8,86,11
Powerlaw,AHCFA,45,9,99,13
Powerlaw,AHCFA,45,10,109,10
Powerlaw,AHCFA,45,11,117,8
Powerlaw,AHCFA,45,12,124,7
Powerlaw,AHCFA,46,1,8,8
Powerlaw,AHCFA,46,2,15,7
Powerlaw,AHCFA,46,3,26,11
Powerlaw,AHCFA,46,4,35,9
Powerlaw,AHCFA,46,5,43,8
Powerlaw,AHCFA,46,6,48,5
Powerlaw,AHCFA,46,7,49,1
Powerlaw,AHCFA,46,8,55,6
Powerlaw,AHCFA,46,9,59,4
Powerlaw,AHCFA,46,10,62,3
Powerlaw,AHCFA,46,11,64,2
Powerlaw,AHCFA,46,12,67,3
Powerlaw,AHCFA,47,1,9,9
Powerlaw,AHCFA,47,2,14,5
Powerlaw,AHCFA,47,3,22,8
Powerlaw,AHCFA,47,4,25,3
Powerlaw,AHCFA,47,5,31,6
Powerlaw,AHCFA,47,6,36,5
Powerlaw,AHCFA,47,7,40,4
Powerlaw,AHCFA,47,8,44,4
Powerlaw,AHCFA,47,9,56,12
Powerlaw,AHCFA,47,10,65,9
Powerlaw,AHCFA,47,11,78,13
Powerlaw,AHCFA,47,12,89,11
Powerlaw,AHCFA,48,1,5,5
Powerlaw,AHCFA,48,2,11,6
Powerlaw,AHCFA,48,3,14,3
Powerlaw,AHCFA,48,4,19,5
Powerlaw,AHCFA,48,5,26,7
Powerlaw,AHCFA,48,6,33,7
Powerlaw,AHCFA,48,7,45,12
Powerlaw,AHCFA,48,8,57,12
Powerlaw,AHCFA,48,9,71,14
Powerlaw,AHCFA,48,10,80,9
Powerlaw,AHCFA,48,11,91,11
Powerlaw,AHCFA,48,12,105,14
Powerlaw,AHCFA,49,1,10,10
Powerlaw,AHCFA,49,2,18,8
Powerlaw,AHCFA,49,3,22,4
Powerlaw,AHCFA,49,4,28,6
Powerlaw,AHCFA,49,5,33,5
Powerlaw,AHCFA,49,6,36,3
Powerlaw,AHCFA,49,7,42,6
Powerlaw,AHCFA,49,8,47,5
Powerlaw,AHCFA,49,9,52,5
Powerlaw,AHCFA,49,10,58,6
Powerlaw,AHCFA,49,11,69,11
Powerlaw,AHCFA,49,12,79,10
Powerlaw,AHCFA,50,1,8,8
Powerlaw,AHCFA,50,2,17,9
Powerlaw,AHCFA,50,3,20,3
Powerlaw,AHCFA,50,4,28,8
Powerlaw,AHCFA,50,5,35,7
Powerlaw,AHCFA,50,6,45,10
Powerlaw,AHCFA,50,7,54,9
Powerlaw,AHCFA,50,8,63,9
Powerlaw,AHCFA,50,9,72,9
Powerlaw,AHCFA,50,10,81,9
Powerlaw,AHCFA,50,11,92,11
Powerlaw,AHCFA,50,12,103,11
Clustered,CPFA,1,1,5,5
Clustered,CPFA,1,2,13,8
Clustered,CPFA,1,3,22,9
Clustered,CPFA,1,4,28,6
Clustered,CPFA,1,5,34,6
Clustered,CPFA,1,6,45,11
Clustered,CPFA,1,7,51,6
Clustered,CPFA,1,8,53,2
Clustered,CPFA,1,9,63,10
Clustered,CPFA,1,10,69,6
Clustered,CPFA,1,11,77,8
Clustered,CPFA,1,12,78,1
Clustered,CPFA,2,1,7,7
Clustered,CPFA,2,2,12,5
Clustered,CPFA,2,3,20,8
Clustered,CPFA,2,4,27,7
Clustered,CPFA,2,5,36,9
Clustered,CPFA,2,6,44,8
Clustered,CPFA,2,7,48,4
Clustered,CPFA,2,8,53,5
Clustered,CPFA,2,9,62,9
Clustered,CPFA,2,10,66,4
Clustered,CPFA,2,11,72,6
Clustered,CPFA,2,12,77,5
Clustered,CPFA,3,1,3,3
Clustered,CPFA,3,2,10,7
Clustered,CPFA,3,3,17,7
Clustered,CPFA,3,4,23,6
Clustered,CPFA,3,5,29,6
Clustered,CPFA,3,6,37,8
Clustered,CPFA,3,7,42,5
Clustered,CPFA,3,8,52,10
Clustered,CPFA,3,9,61,9
Clustered,CPFA,3,10,68,7
Clustered,CPFA,3,11,71,3
Clustered,CPFA,3,12,79,8
Clustered,CPFA,4,1,4,4
Clustered,CPFA,4,2,9,5
Clustered,CPFA,4,3,21,12
Clustered,CPFA,4,4,29,8
Clustered,CPFA,4,5,32,3
Clustered,CPFA,4,6,39,7
Clustered,CPFA,4,7,48,9
Clustered,CPFA,4,8,57,9
Clustered,CPFA,4,9,64,7
Clustered,CPFA,4,10,70,6
Clustered,CPFA,4,11,74,4
Clustered,CPFA,4,12,84,10
Clustered,CPFA,5,1,9,9
Clustered,CPFA,5,2,19,10
Clustered,CPFA,5,3,26,7
Clustered,CPFA,5,4,32,6
Clustered,CPFA,5,5,39,7
Clustered,CPFA,5,6,48,9
Clustered,CPFA,5,7,56,8
Clustered,CPFA,5,8,66,10
Clustered,CPFA,5,9,73,7
Clustered,CPFA,5,10,77,4
Clustered,CPFA,5,11,80,3
Clustered,CPFA,5,12,83,3
Clustered,CPFA,6,1,3,3
Clustered,CPFA,6,2,8,5
Clustered,CPFA,6,3,14,6
Clustered,CPFA,6,4,20,6
Clustered,CPFA,6,5,26,6
Clustered,CPFA,6,6,30,4
Clustered,CPFA,6,7,38,8
Clustered,CPFA,6,8,42,4
Clustered,CPFA,6,9,47,5
Clustered,CPFA,6,10,52,5
Clustered,CPFA,6,11,57,5
Clustered,CPFA,6,12,64,7
Clustered,CPFA,7,1,8,8
Clustered,CPFA,7,2,18,10
Clustered,CPFA,7,3,23,5
Clustered,CPFA,7,4,33,10
Clustered,CPFA,7,5,41,8
Clustered,CPFA,7,6,45,4
Clustered,CPFA,7,7,51,6
Clustered,CPFA,7,8,58,7
Clustered,CPFA,7,9,70,12
Clustered,CPFA,7,10,78,8
Clustered,CPFA,7,11,84,6
Clustered,CPFA,7,12,92,8
Clustered,CPFA,8,1,3,3
Clustered,CPFA,8,2,12,9
Clustered,CPFA,8,3,17,5
Clustered,CPFA,8,4,19,2
Clustered,CPFA,8,5,22,3
Clustered,CPFA,8,6,26,4
Clustered,CPFA,8,7,26,0
Clustered,CPFA,8,8,30,4
Clustered,CPFA,8,9,31,1
Clustered,CPFA,8,10,33,2
Clustered,CPFA,8,11,36,3
Clustered,CPFA,8,12,38,2
Clustered,CPFA,9,1,5,5
Clustered,CPFA,9,2,9,4
Clustered,CPFA,9,3,19,10
Clustered,CPFA,9,4,24,5
Clustered,CPFA,9,5,31,7
Clustered,CPFA,9,6,37,6
Clustered,CPFA,9,7,44,7
Clustered,CPFA,9,8,49,5
Clustered,CPFA,9,9,58,9
Clustered,CPFA,9,10,63,5
Clustered,CPFA,9,11,67,4
Clustered,CPFA,9,12,73,6
Clustered,CPFA,10,1,3,3
Clustered,CPFA,10,2,8,5
Clustered,CPFA,10,3,15,7
Clustered,CPFA,10,4,19,4
Clustered,CPFA,10,5,25,6
Clustered,CPFA,10,6,30,5
Clustered,CPFA,10,7,37,7
Clustered,CPFA,10,8,44,7
Clustered,CPFA,10,9,51,7
Clustered,CPFA,10,10,54,3
Clustered,CPFA,10,11,59,5
Clustered,CPFA,10,12,64,5
Clustered,CPFA,11,1,4,4
Clustered,CPFA,11,2,10,6
Clustered,CPFA,11,3,20,10
Clustered,CPFA,11,4,25,5
Clustered,CPFA,11,5,30,5
Clustered,CPFA,11,6,37,7
Clustered,CPFA,11,7,46,9
Clustered,CPFA,11,8,52,6
Clustered,CPFA,11,9,58,6
Clustered,CPFA,11,10,63,5
Clustered,CPFA,11,11,68,5
Clustered,CPFA,11,12,76,8
Clustered,CPFA,12,1,10,10
Clustered,CPFA,12,2,17,7
Clustered,CPFA,12,3,21,4
Clustered,CPFA,12,4,27,6
Clustered,CPFA,12,5,32,5
Clustered,CPFA,12,6,39,7
Clustered,CPFA,12,7,45,6
Clustered,CPFA,12,8,51,6
Clustered,CPFA,12,9,55,4
Clustered,CPFA,12,10,61,6
Clustered,CPFA,12,11,64,3
Clustered,CPFA,12,12,69,5
Clustered,CPFA,13,1,5,5
Clustered,CPFA,13,2,13,8
Clustered,CPFA,13,3,23,10
Clustered,CPFA,13,4,30,7
Clustered,CPFA,13,5,41,11
Clustered,CPFA,13,6,50,9
Clustered,CPFA,13,7,55,5
Clustered,CPFA,13,8,61,6
Clustered,CPFA,13,9,63,2
Clustered,CPFA,13,10,70,7
Clustered,CPFA,13,11,81,11
Clustered,CPFA,13,12,87,6
Clustered,CPFA,14,1,8,8
Clustered,CPFA,14,2,16,8
Clustered,CPFA,14,3,23,7
Clustered,CPFA,14,4,33,10
Clustered,CPFA,14,5,37,4
Clustered,CPFA,14,6,44,7
Clustered,CPFA,14,7,51,7
Clustered,CPFA,14,8,59,8
Clustered,CPFA,14,9,64,5
Clustered,CPFA,14,10,71,7
Clustered,CPFA,14,11,76,5
Clustered,CPFA,14,12,79,3
Clustered,CPFA,15,1,2,2
Clustered,CPFA,15,2,8,6
Clustered,CPFA,15,3,13,5
Clustered,CPFA,15,4,20,7
Clustered,CPFA,15,5,28,8
Clustered,CPFA,15,6,32,4
Clustered,CPFA,15,7,40,8
Clustered,CPFA,15,8,47,7
Clustered,CPFA,15,9,52,5
Clustered,CPFA,15,10,58,6
Clustered,CPFA,15,11,63,5
Clustered,CPFA,15,12,71,8
Clustered,CPFA,16,1,5,5
Clustered,CPFA,16,2,17,12
Clustered,CPFA,16,3,29,12
Clustered,CPFA,16,4,43,14
Clustered,CPFA,16,5,52,9
Clustered,CPFA,16,6,62,10
Clustered,CPFA,16,7,73,11
Clustered,CPFA,16,8,79,6
Clustered,CPFA,16,9,86,7
Clustered,CPFA,16,10,93,7
Clustered,CPFA,16,11,102,9
Clustered,CPFA,16,12,109,7
Clustered,CPFA,17,1,5,5
Clustered,CPFA,17,2,9,4
Clustered,CPFA,17,3,15,6
Clustered,CPFA,17,4,17,2
Clustered,CPFA,17,5,18,1
Clustered,CPFA,17,6,19,1
Clustered,CPFA,17,7,20,1
Clustered,CPFA,17,8,22,2
Clustered,CPFA,17,9,23,1
Clustered,CPFA,17,10,24,1
Clustered,CPFA,17,11,24,0
Clustered,CPFA,17,12,25,1
Clustered,CPFA,18,1,3,3
Clustered,CPFA,18,2,9,6
Clustered,CPFA,18,3,16,7
Clustered,CPFA,18,4,26,10
Clustered,CPFA,18,5,32,6
Clustered,CPFA,18,6,40,8
Clustered,CPFA,18,7,46,6
Clustered,CPFA,18,8,52,6
Clustered,CPFA,18,9,59,7
Clustered,CPFA,18,10,67,8
Clustered,CPFA,18,11,70,3
Clustered,CPFA,18,12,74,4
Clustered,CPFA,19,1,3,3
Clustered,CPFA,19,2,9,6
Clustered,CPFA,19,3,17,8
Clustered,CPFA,19,4,24,7
Clustered,CPFA,19,5,32,8
Clustered,CPFA,19,6,38,6
Clustered,CPFA,19,7,43,5
Clustered,CPFA,19,8,49,6
Clustered,CPFA,19,9,57,8
Clustered,CPFA,19,10,62,5
Clustered,CPFA,19,11,70,8
Clustered,CPFA,19,12,75,5
Clustered,CPFA,20,1,9,9
Clustered,CPFA,20,2,15,6
Clustered,CPFA,20,3,25,10
Clustered,CPFA,20,4,28,3
Clustered,CPFA,20,5,36,8
Clustered,CPFA,20,6,43,7
Clustered,CPFA,20,7,48,5
Clustered,CPFA,20,8,55,7
Clustered,CPFA,20,9,61,6
Clustered,CPFA,20,10,69,8
Clustered,CPFA,20,11,75,6
Clustered,CPFA,20,12,82,7
Clustered,CPFA,21,1,6,6
Clustered,CPFA,21,2,13,7
Clustered,CPFA,21,3,20,7
Clustered,CPFA,21,4,27,7
Clustered,CPFA,21,5,34,7
Clustered,CPFA,21,6,40,6
Clustered,CPFA,21,7,48,8
Clustered,CPFA,21,8,57,9
Clustered,CPFA,21,9,67,10
Clustered,CPFA,21,10,75,8
Clustered,CPFA,21,11,83,8
Clustered,CPFA,21,12,92,9
Clustered,CPFA,22,1,11,11
Clustered,CPFA,22,2,17,6
Clustered,CPFA,22,3,23,6
Clustered,CPFA,22,4,28,5
Clustered,CPFA,22,5,35,7
Clustered,CPFA,22,6,40,5
Clustered,CPFA,22,7,44,4
Clustered,CPFA,22,8,53,9
Clustered,CPFA,22,9,59,6
Clustered,CPFA,22,10,65,6
Clustered,CPFA,22,11,72,7
Clustered,CPFA,22,12,76,4
Clustered,CPFA,23,1,5,5
Clustered,CPFA,23,2,12,7
Clustered,CPFA,23,3,20,8
Clustered,CPFA,23,4,27,7
Clustered,CPFA,23,5,35,8
Clustered,CPFA,23,6,43,8
Clustered,CPFA,23,7,49,6
Clustered,CPFA,23,8,54,5
Clustered,CPFA,23,9,64,10
Clustered,CPFA,23,10,68,4
Clustered,CPFA,23,11,72,4
Clustered,CPFA,23,12,78,6
Clustered,CPFA,24,1,10,10
Clustered,CPFA,24,2,20,10
Clustered,CPFA,24,3,27,7
Clustered,CPFA,24,4,32,5
Clustered,CPFA,24,5,33,1
Clustered,CPFA,24,6,37,4
Clustered,CPFA,24,7,44,7
Clustered,CPFA,24,8,49,5
Clustered,CPFA,24,9,58,9
Clustered,CPFA,24,10,71,13
Clustered,CPFA,24,11,78,7
Clustered,CPFA,24,12,83,5
Clustered,CPFA,25,1,8,8
Clustered,CPFA,25,2,13,5
Clustered,CPFA,25,3,18,5
Clustered,CPFA,25,4,24,6
Clustered,CPFA,25,5,30,6
Clustered,CPFA,25,6,35,5
Clustered,CPFA,25,7,43,8
Clustered,CPFA,25,8,48,5
Clustered,CPFA,25,9,53,5
Clustered,CPFA,25,10,59,6
Clustered,CPFA,25,11,62,3
Clustered,CPFA,25,12,69,7
Clustered,CPFA,26,1,4,4
Clustered,CPFA,26,2,12,8
Clustered,CPFA,26,3,16,4
Clustered,CPFA,26,4,20,4
Clustered,CPFA,26,5,23,3
Clustered,CPFA,26,6,24,1
Clustered,CPFA,26,7,27,3
Clustered,CPFA,26,8,27,0
Clustered,CPFA,26,9,28,1
Clustered,CPFA,26,10,32,4
Clustered,CPFA,26,11,34,2
Clustered,CPFA,26,12,34,0
Clustered,CPFA,27,1,5,5
Clustered,CPFA,27,2,14,9
Clustered,CPFA,27,3,25,11
Clustered,CPFA,27,4,35,10
Clustered,CPFA,27,5,44,9
Clustered,CPFA,27,6,52,8
Clustered,CPFA,27,7,57,5
Clustered,CPFA,27,8,63,6
Clustered,CPFA,27,9,68,5
Clustered,CPFA,27,10,73,5
Clustered,CPFA,27,11,81,8
Clustered,CPFA,27,12,90,9
Clustered,CPFA,28,1,3,3
Clustered,CPFA,28,2,6,3
Clustered,CPFA,28,3,10,4
Clustered,CPFA,28,4,15,5
Clustered,CPFA,28,5,21,6
Clustered,CPFA,28,6,28,7
Clustered,CPFA,28,7,31,3
Clustered,CPFA,28,8,34,3
Clustered,CPFA,28,9,38,4
Clustered,CPFA,28,10,42,4
Clustered,CPFA,28,11,45,3
Clustered,CPFA,28,12,52,7
Clustered,CPFA,29,1,3,3
Clustered,CPFA,29,2,11,8
Clustered,CPFA,29,3,18,7
Clustered,CPFA,29,4,23,5
Clustered,CPFA,29,5,32,9
Clustered,CPFA,29,6,39,7
Clustered,CPFA,29,7,46,7
Clustered,CPFA,29,8,54,8
Clustered,CPFA,29,9,59,5
Clustered,CPFA,29,10,65,6
Clustered,CPFA,29,11,71,6
Clustered,CPFA,29,12,73,2
Clustered,CPFA,30,1,4,4
Clustered,CPFA,30,2,11,7
Clustered,CPFA,30,3,21,10
Clustered,CPFA,30,4,26,5
Clustered,CPFA,30,5,30,4
Clustered,CPFA,30,6,35,5
Clustered,CPFA,30,7,43,8
Clustered,CPFA,30,8,49,6
Clustered,CPFA,30,9,56,7
Clustered,CPFA,30,10,59,3
Clustered,CPFA,30,11,67,8
Clustered,CPFA,30,12,74,7
Clustered,CPFA,31,1,3,3
Clustered,CPFA,31,2,9,6
Clustered,CPFA,31,3,16,7
Clustered,CPFA,31,4,20,4
Clustered,CPFA,31,5,25,5
Clustered,CPFA,31,6,32,7
Clustered,CPFA,31,7,36,4
Clustered,CPFA,31,8,41,5
Clustered,CPFA,31,9,44,3
Clustered,CPFA,31,10,46,2
Clustered,CPFA,31,11,48,2
Clustered,CPFA,31,12,50,2
Clustered,CPFA,32,1,2,2
Clustered,CPFA,32,2,7,5
Clustered,CPFA,32,3,13,6
Clustered,CPFA,32,4,23,10
Clustered,CPFA,32,5,30,7
Clustered,CPFA,32,6,37,7
Clustered,CPFA,32,7,42,5
Clustered,CPFA,32,8,49,7
Clustered,CPFA,32,9,55,6
Clustered,CPFA,32,10,58,3
Clustered,CPFA,32,11,68,10
Clustered,CPFA,32,12,74,6
Clustered,CPFA,33,1,5,5
Clustered,CPFA,33,2,8,3
Clustered,CPFA,33,3,13,5
Clustered,CPFA,33,4,24,11
Clustered,CPFA,33,5,30,6
Clustered,CPFA,33,6,36,6
Clustered,CPFA,33,7,41,5
Clustered,CPFA,33,8,46,5
Clustered,CPFA,33,9,54,8
Clustered,CPFA,33,10,61,7
Clustered,CPFA,33,11,66,5
Clustered,CPFA,33,12,72,6
Clustered,CPFA,34,1,2,2
Clustered,CPFA,34,2,5,3
Clustered,CPFA,34,3,17,12
Clustered,CPFA,34,4,22,5
Clustered,CPFA,34,5,29,7
Clustered,CPFA,34,6,35,6
Clustered,CPFA,34,7,38,3
Clustered,CPFA,34,8,43,5
Clustered,CPFA,34,9,50,7
Clustered,CPFA,34,10,57,7
Clustered,CPFA,34,11,61,4
Clustered,CPFA,34,12,69,8
Clustered,CPFA,35,1,5,5
Clustered,CPFA,35,2,9,4
Clustered,CPFA,35,3,11,2
Clustered,CPFA,35,4,14,3
Clustered,CPFA,35,5,16,2
Clustered,CPFA,35,6,18,2
Clustered,CPFA,35,7,22,4
Clustered,CPFA,35,8,27,5
Clustered,CPFA,35,9,34,7
Clustered,CPFA,35,10,38,4
Clustered,CPFA,35,11,42,4
Clustered,CPFA,35,12,48,6
Clustered,CPFA,36,1,0,0
Clustered,CPFA,36,2,9,9
Clustered,CPFA,36,3,15,6
Clustered,CPFA,36,4,21,6
Clustered,CPFA,36,5,27,6
Clustered,CPFA,36,6,34,7
Clustered,CPFA,36,7,41,7
Clustered,CPFA,36,8,47,6
Clustered,CPFA,36,9,55,8
Clustered,CPFA,36,10,59,4
Clustered,CPFA,36,11,68,9
Clustered,CPFA,36,12,71,3
Clustered,CPFA,37,1,9,9
Clustered,CPFA,37,2,14,5
Clustered,CPFA,37,3,22,8
Clustered,CPFA,37,4,29,7
Clustered,CPFA,37,5,33,4
Clustered,CPFA,37,6,38,5
Clustered,CPFA,37,7,43,5
Clustered,CPFA,37,8,47,4
Clustered,CPFA,37,9,55,8
Clustered,CPFA,37,10,61,6
Clustered,CPFA,37,11,67,6
Clustered,CPFA,37,12,72,5
Clustered,CPFA,38,1,5,5
Clustered,CPFA,38,2,12,7
Clustered,CPFA,38,3,17,5
Clustered,CPFA,38,4,22,5
Clustered,CPFA,38,5,27,5
Clustered,CPFA,38,6,35,8
Clustered,CPFA,38,7,42,7
Clustered,CPFA,38,8,49,7
Clustered,CPFA,38,9,54,5
Clustered,CPFA,38,10,59,5
Clustered,CPFA,38,11,63,4
Clustered,CPFA,38,12,66,3
Clustered,CPFA,39,1,2,2
Clustered,CPFA,39,2,8,6
Clustered,CPFA,39,3,15,7
Clustered,CPFA,39,4,21,6
Clustered,CPFA,39,5,28,7
Clustered,CPFA,39,6,33,5
Clustered,CPFA,39,7,39,6
Clustered,CPFA,39,8,41,2
Clustered,CPFA,39,9,42,1
Clustered,CPFA,39,10,45,3
Clustered,CPFA,39,11,45,0
Clustered,CPFA,39,12,46,1
Clustered,CPFA,40,1,3,3
Clustered,CPFA,40,2,11,8
Clustered,CPFA,40,3,17,6
Clustered,CPFA,40,4,28,11
Clustered,CPFA,40,5,34,6
Clustered,CPFA,40,6,39,5
Clustered,CPFA,40,7,42,3
Clustered,CPFA,40,8,53,11
Clustered,CPFA,40,9,62,9
Clustered,CPFA,40,10,67,5
Clustered,CPFA,40,11,75,8
Clustered,CPFA,40,12,81,6
Clustered,CPFA,41,1,2,2
Clustered,CPFA,41,2,7,5
Clustered,CPFA,41,3,15,8
Clustered,CPFA,41,4,20,5
Clustered,CPFA,41,5,25,5
Clustered,CPFA,41,6,32,7
Clustered,CPFA,41,7,38,6
Clustered,CPFA,41,8,41,3
Clustered,CPFA,41,9,49,8
Clustered,CPFA,41,10,59,10
Clustered,CPFA,41,11,63,4
Clustered,CPFA,41,12,67,4
Clustered,CPFA,42,1,3,3
Clustered,CPFA,42,2,11,8
Clustered,CPFA,42,3,15,4
Clustered,CPFA,42,4,22,7
Clustered,CPFA,42,5,30,8
Clustered,CPFA,42,6,36,6
Clustered,CPFA,42,7,40,4
Clustered,CPFA,42,8,46,6
Clustered,CPFA,42,9,56,10
Clustered,CPFA,42,10,63,7
Clustered,CPFA,42,11,68,5
Clustered,CPFA,42,12,74,6
Clustered,CPFA,43,1,5,5
Clustered,CPFA,43,2,9,4
Clustered,CPFA,43,3,14,5
Clustered,CPFA,43,4,22,8
Clustered,CPFA,43,5,32,10
Clustered,CPFA,43,6,37,5
Clustered,CPFA,43,7,43,6
Clustered,CPFA,43,8,50,7
Clustered,CPFA,43,9,55,5
Clustered,CPFA,43,10,55,0
Clustered,CPFA,43,11,58,3
Clustered,CPFA,43,12,60,2
Clustered,CPFA,44,1,1,1
Clustered,CPFA,44,2,10,9
Clustered,CPFA,44,3,13,3
Clustered,CPFA,44,4,18,5
Clustered,CPFA,44,5,23,5
Clustered,CPFA,44,6,29,6
Clustered,CPFA,44,7,33,4
Clustered,CPFA,44,8,38,5
Clustered,CPFA,44,9,45,7
Clustered,CPFA,44,10,50,5
Clustered,CPFA,44,11,54,4
Clustered,CPFA,44,12,57,3
Clustered,CPFA,45,1,2,2
Clustered,CPFA,45,2,4,2
Clustered,CPFA,45,3,8,4
Clustered,CPFA,45,4,14,6
Clustered,CPFA,45,5,20,6
Clustered,CPFA,45,6,28,8
Clustered,CPFA,45,7,34,6
Clustered,CPFA,45,8,36,2
Clustered,CPFA,45,9,42,6
Clustered,CPFA,45,10,48,6
Clustered,CPFA,45,11,51,3
Clustered,CPFA,45,12,55,4
Clustered,CPFA,46,1,6,6
Clustered,CPFA,46,2,10,4
Clustered,CPFA,46,3,18,8
Clustered,CPFA,46,4,22,4
Clustered,CPFA,46,5,28,6
Clustered,CPFA,46,6,36,8
Clustered,CPFA,46,7,42,6
Clustered,CPFA,46,8,49,7
Clustered,CPFA,46,9,57,8
Clustered,CPFA,46,10,66,9
Clustered,CPFA,46,11,75,9
Clustered,CPFA,46,12,80,5
Clustered,CPFA,47,1,10,10
Clustered,CPFA,47,2,15,5
Clustered,CPFA,47,3,23,8
Clustered,CPFA,47,4,30,7
Clustered,CPFA,47,5,35,5
Clustered,CPFA,47,6,39,4
Clustered,CPFA,47,7,41,2
Clustered,CPFA,47,8,44,3
Clustered,CPFA,47,9,45,1
Clustered,CPFA,47,10,47,2
Clustered,CPFA,47,11,48,1
Clustered,CPFA,47,12,52,4
Clustered,CPFA,48,1,6,6
Clustered,CPFA,48,2,8,2
Clustered,CPFA,48,3,15,7
Clustered,CPFA,48,4,22,7
Clustered,CPFA,48,5,27,5
Clustered,CPFA,48,6,34,7
Clustered,CPFA,48,7,37,3
Clustered,CPFA,48,8,46,9
Clustered,CPFA,48,9,51,5
Clustered,CPFA,48,10,57,6
Clustered,CPFA,48,11,62,5
Clustered,CPFA,48,12,70,8
Clustered,CPFA,49,1,5,5
Clustered,CPFA,49,2,10,5
Clustered,CPFA,49,3,15,5
Clustered,CPFA,49,4,21,6
Clustered,CPFA,49,5,28,7
Clustered,CPFA,49,6,36,8
Clustered,CPFA,49,7,42,6
Clustered,CPFA,49,8,48,6
Clustered,CPFA,49,9,55,7
Clustered,CPFA,49,10,61,6
Clustered,CPFA,49,11,71,10
Clustered,CPFA,49,12,74,3
Clustered,CPFA,50,1,4,4
Clustered,CPFA,50,2,7,3
Clustered,CPFA,50,3,15,8
Clustered,CPFA,50,4,20,5
Clustered,CPFA,50,5,25,5
Clustered,CPFA,50,6,32,7
Clustered,CPFA,50,7,37,5
Clustered,CPFA,50,8,42,5
Clustered,CPFA,50,9,51,9
Clustered,CPFA,50,10,56,5
Clustered,CPFA,50,11,61,5
Clustered,CPFA,50,12,66,5
Clustered,AHCFA,1,1,5,5
Clustered,AHCFA,1,2,13,8
Clustered,AHCFA,1,3,23,10
Clustered,AHCFA,1,4,28,5
Clustered,AHCFA,1,5,35,7
Clustered,AHCFA,1,6,43,8
Clustered,AHCFA,1,7,49,6
Clustered,AHCFA,1,8,55,6
Clustered,AHCFA,1,9,57,2
Clustered,AHCFA,1,10,67,10
Clustered,AHCFA,1,11,75,8
Clustered,AHCFA,1,12,82,7
Clustered,AHCFA,2,1,7,7
Clustered,AHCFA,2,2,12,5
Clustered,AHCFA,2,3,22,10
Clustered,AHCFA,2,4,28,6
Clustered,AHCFA,2,5,36,8
Clustered,AHCFA,2,6,44,8
Clustered,AHCFA,2,7,53,9
Clustered,AHCFA,2,8,62,9
Clustered,AHCFA,2,9,71,9
Clustered,AHCFA,2,10,73,2
Clustered,AHCFA,2,11,81,8
Clustered,AHCFA,2,12,90,9
Clustered,AHCFA,3,1,3,3
Clustered,AHCFA,3,2,10,7
Clustered,AHCFA,3,3,17,7
Clustered,AHCFA,3,4,24,7
Clustered,AHCFA,3,5,30,6
Clustered,AHCFA,3,6,38,8
Clustered,AHCFA,3,7,49,11
Clustered,AHCFA,3,8,55,6
Clustered,AHCFA,3,9,61,6
Clustered,AHCFA,3,10,69,8
Clustered,AHCFA,3,11,74,5
Clustered,AHCFA,3,12,76,2
Clustered,AHCFA,4,1,4,4
Clustered,AHCFA,4,2,9,5
Clustered,AHCFA,4,3,19,10
Clustered,AHCFA,4,4,29,10
Clustered,AHCFA,4,5,38,9
Clustered,AHCFA,4,6,46,8
Clustered,AHCFA,4,7,55,9
Clustered,AHCFA,4,8,63,8
Clustered,AHCFA,4,9,69,6
Clustered,AHCFA,4,10,77,8
Clustered,AHCFA,4,11,85,8
Clustered,AHCFA,4,12,89,4
Clustered,AHCFA,5,1,9,9
Clustered,AHCFA,5,2,20,11
Clustered,AHCFA,5,3,29,9
Clustered,AHCFA,5,4,41,12
Clustered,AHCFA,5,5,51,10
Clustered,AHCFA,5,6,58,7
Clustered,AHCFA,5,7,62,4
Clustered,AHCFA,5,8,67,5
Clustered,AHCFA,5,9,78,11
Clustered,AHCFA,5,10,84,6
Clustered,AHCFA,5,11,92,8
Clustered,AHCFA,5,12,104,12
Clustered,AHCFA,6,1,3,3
Clustered,AHCFA,6,2,8,5
Clustered,AHCFA,6,3,14,6
Clustered,AHCFA,6,4,21,7
Clustered,AHCFA,6,5,26,5
Clustered,AHCFA,6,6,30,4
Clustered,AHCFA,6,7,38,8
Clustered,AHCFA,6,8,45,7
Clustered,AHCFA,6,9,50,5
Clustered,AHCFA,6,10,57,7
Clustered,AHCFA,6,11,62,5
Clustered,AHCFA,6,12,74,12
Clustered,AHCFA,7,1,8,8
Clustered,AHCFA,7,2,18,10
Clustered,AHCFA,7,3,23,5
Clustered,AHCFA,7,4,33,10
Clustered,AHCFA,7,5,42,9
Clustered,AHCFA,7,6,47,5
Clustered,AHCFA,7,7,53,6
Clustered,AHCFA,7,8,63,10
Clustered,AHCFA,7,9,69,6
Clustered,AHCFA,7,10,76,7
Clustered,AHCFA,7,11,83,7
Clustered,AHCFA,7,12,86,3
Clustered,AHCFA,8,1,3,3
Clustered,AHCFA,8,2,12,9
Clustered,AHCFA,8,3,16,4
Clustered,AHCFA,8,4,22,6
Clustered,AHCFA,8,5,27,5
Clustered,AHCFA,8,6,30,3
Clustered,AHCFA,8,7,31,1
Clustered,AHCFA,8,8,32,1
Clustered,AHCFA,8,9,33,1
Clustered,AHCFA,8,10,34,1
Clustered,AHCFA,8,11,39,5
Clustered,AHCFA,8,12,43,4
Clustered,AHCFA,9,1,5,5
Clustered,AHCFA,9,2,9,4
Clustered,AHCFA,9,3,20,11
Clustered,AHCFA,9,4,26,6
Clustered,AHCFA,9,5,35,9
Clustered,AHCFA,9,6,42,7
Clustered,AHCFA,9,7,47,5
Clustered,AHCFA,9,8,54,7
Clustered,AHCFA,9,9,64,10
Clustered,AHCFA,9,10,71,7
Clustered,AHCFA,9,11,80,9
Clustered,AHCFA,9,12,89,9
Clustered,AHCFA,10,1,3,3
Clustered,AHCFA,10,2,9,6
Clustered,AHCFA,10,3,19,10
Clustered,AHCFA,10,4,27,8
Clustered,AHCFA,10,5,32,5
Clustered,AHCFA,10,6,43,11
Clustered,AHCFA,10,7,51,8
Clustered,AHCFA,10,8,58,7
Clustered,AHCFA,10,9,66,8
Clustered,AHCFA,10,10,73,7
Clustered,AHCFA,10,11,79,6
Clustered,AHCFA,10,12,86,7
Clustered,AHCFA,11,1,4,4
Clustered,AHCFA,11,2,10,6
Clustered,AHCFA,11,3,20,10
Clustered,AHCFA,11,4,27,7
Clustered,AHCFA,11,5,33,6
Clustered,AHCFA,11,6,42,9
Clustered,AHCFA,11,7,46,4
Clustered,AHCFA,11,8,52,6
Clustered,AHCFA,11,9,58,6
Clustered,AHCFA,11,10,62,4
Clustered,AHCFA,11,11,71,9
Clustered,AHCFA,11,12,77,6
Clustered,AHCFA,12,1,10,10
Clustered,AHCFA,12,2,17,7
Clustered,AHCFA,12,3,21,4
Clustered,AHCFA,12,4,27,6
Clustered,AHCFA,12,5,32,5
Clustered,AHCFA,12,6,40,8
Clustered,AHCFA,12,7,45,5
Clustered,AHCFA,12,8,51,6
Clustered,AHCFA,12,9,58,7
Clustered,AHCFA,12,10,62,4
Clustered,AHCFA,12,11,69,7
Clustered,AHCFA,12,12,77,8
Clustered,AHCFA,13,1,5,5
Clustered,AHCFA,13,2,14,9
Clustered,AHCFA,13,3,26,12
Clustered,AHCFA,13,4,35,9
Clustered,AHCFA,13,5,45,10
Clustered,AHCFA,13,6,55,10
Clustered,AHCFA,13,7,65,10
Clustered,AHCFA,13,8,69,4
Clustered,AHCFA,13,9,78,9
Clustered,AHCFA,13,10,81,3
Clustered,AHCFA,13,11,83,2
Clustered,AHCFA,13,12,84,1
Clustered,AHCFA,14,1,8,8
Clustered,AHCFA,14,2,16,8
Clustered,AHCFA,14,3,23,7
Clustered,AHCFA,14,4,33,10
Clustered,AHCFA,14,5,37,4
Clustered,AHCFA,14,6,47,10
Clustered,AHCFA,14,7,57,10
Clustered,AHCFA,14,8,62,5
Clustered,AHCFA,14,9,68,6
Clustered,AHCFA,14,10,76,8
Clustered,AHCFA,14,11,81,5
Clustered,AHCFA,14,12,86,5
Clustered,AHCFA,15,1,2,2
Clustered,AHCFA,15,2,8,6
Clustered,AHCFA,15,3,13,5
Clustered,AHCFA,15,4,20,7
Clustered,AHCFA,15,5,29,9
Clustered,AHCFA,15,6,35,6
Clustered,AHCFA,15,7,44,9
Clustered,AHCFA,15,8,48,4
Clustered,AHCFA,15,9,58,10
Clustered,AHCFA,15,10,63,5
Clustered,AHCFA,15,11,66,3
Clustered,AHCFA,15,12,70,4
Clustered,AHCFA,16,1,9,9
Clustered,AHCFA,16,2,17,8
Clustered,AHCFA,16,3,23,6
Clustered,AHCFA,16,4,27,4
Clustered,AHCFA,16,5,31,4
Clustered,AHCFA,16,6,33,2
Clustered,AHCFA,16,7,34,1
Clustered,AHCFA,16,8,35,1
Clustered,AHCFA,16,9,41,6
Clustered,AHCFA,16,10,45,4
Clustered,AHCFA,16,11,52,7
Clustered,AHCFA,16,12,56,4
Clustered,AHCFA,17,1,5,5
Clustered,AHCFA,17,2,13,8
Clustered,AHCFA,17,3,17,4
Clustered,AHCFA,17,4,18,1
Clustered,AHCFA,17,5,20,2
Clustered,AHCFA,17,6,24,4
Clustered,AHCFA,17,7,26,2
Clustered,AHCFA,17,8,28,2
Clustered,AHCFA,17,9,30,2
Clustered,AHCFA,17,10,32,2
Clustered,AHCFA,17,11,38,6
Clustered,AHCFA,17,12,40,2
Clustered,AHCFA,18,1,3,3
Clustered,AHCFA,18,2,9,6
Clustered,AHCFA,18,3,16,7
Clustered,AHCFA,18,4,27,11
Clustered,AHCFA,18,5,34,7
Clustered,AHCFA,18,6,40,6
Clustered,AHCFA,18,7,47,7
Clustered,AHCFA,18,8,53,6
Clustered,AHCFA,18,9,60,7
Clustered,AHCFA,18,10,66,6
Clustered,AHCFA,18,11,70,4
Clustered,AHCFA,18,12,74,4
Clustered,AHCFA,19,1,3,3
Clustered,AHCFA,19,2,9,6
Clustered,AHCFA,19,3,18,9
Clustered,AHCFA,19,4,22,4
Clustered,AHCFA,19,5,32,10
Clustered,AHCFA,19,6,37,5
Clustered,AHCFA,19,7,46,9
Clustered,AHCFA,19,8,53,7
Clustered,AHCFA,19,9,60,7
Clustered,AHCFA,19,10,67,7
Clustered,AHCFA,19,11,75,8
Clustered,AHCFA,19,12,79,4
Clustered,AHCFA,20,1,9,9
Clustered,AHCFA,20,2,15,6
Clustered,AHCFA,20,3,25,10
Clustered,AHCFA,20,4,28,3
Clustered,AHCFA,20,5,35,7
Clustered,AHCFA,20,6,46,11
Clustered,AHCFA,20,7,53,7
Clustered,AHCFA,20,8,59,6
Clustered,AHCFA,20,9,70,11
Clustered,AHCFA,20,10,75,5
Clustered,AHCFA,20,11,83,8
Clustered,AHCFA,20,12,90,7
Clustered,AHCFA,21,1,6,6
Clustered,AHCFA,21,2,13,7
Clustered,AHCFA,21,3,20,7
Clustered,AHCFA,21,4,28,8
Clustered,AHCFA,21,5,32,4
Clustered,AHCFA,21,6,42,10
Clustered,AHCFA,21,7,51,9
Clustered,AHCFA,21,8,62,11
Clustered,AHCFA,21,9,71,9
Clustered,AHCFA,21,10,84,13
Clustered,AHCFA,21,11,87,3
Clustered,AHCFA,21,12,93,6
Clustered,AHCFA,22,1,11,11
Clustered,AHCFA,22,2,17,6
Clustered,AHCFA,22,3,24,7
Clustered,AHCFA,22,4,30,6
Clustered,AHCFA,22,5,39,9
Clustered,AHCFA,22,6,44,5
Clustered,AHCFA,22,7,47,3
Clustered,AHCFA,22,8,54,7
Clustered,AHCFA,22,9,60,6
Clustered,AHCFA,22,10,64,4
Clustered,AHCFA,22,11,72,8
Clustered,AHCFA,22,12,75,3
Clustered,AHCFA,23,1,5,5
Clustered,AHCFA,23,2,12,7
Clustered,AHCFA,23,3,20,8
Clustered,AHCFA,23,4,27,7
Clustered,AHCFA,23,5,35,8
Clustered,AHCFA,23,6,43,8
Clustered,AHCFA,23,7,50,7
Clustered,AHCFA,23,8,55,5
Clustered,AHCFA,23,9,62,7
Clustered,AHCFA,23,10,66,4
Clustered,AHCFA,23,11,71,5
Clustered,AHCFA,23,12,73,2
Clustered,AHCFA,24,1,10,10
Clustered,AHCFA,24,2,21,11
Clustered,AHCFA,24,3,28,7
Clustered,AHCFA,24,4,37,9
Clustered,AHCFA,24,5,50,13
Clustered,AHCFA,24,6,57,7
Clustered,AHCFA,24,7,66,9
Clustered,AHCFA,24,8,74,8
Clustered,AHCFA,24,9,87,13
Clustered,AHCFA,24,10,94,7
Clustered,AHCFA,24,11,103,9
Clustered,AHCFA,24,12,111,8
Clustered,AHCFA,25,1,8,8
Clustered,AHCFA,25,2,15,7
Clustered,AHCFA,25,3,20,5
Clustered,AHCFA,25,4,27,7
Clustered,AHCFA,25,5,35,8
Clustered,AHCFA,25,6,43,8
Clustered,AHCFA,25,7,50,7
Clustered,AHCFA,25,8,62,12
Clustered,AHCFA,25,9,70,8
Clustered,AHCFA,25,10,73,3
Clustered,AHCFA,25,11,81,8
Clustered,AHCFA,25,12,86,5
Clustered,AHCFA,26,1,4,4
Clustered,AHCFA,26,2,13,9
Clustered,AHCFA,26,3,18,5
Clustered,AHCFA,26,4,20,2
Clustered,AHCFA,26,5,25,5
Clustered,AHCFA,26,6,26,1
Clustered,AHCFA,26,7,30,4
Clustered,AHCFA,26,8,31,1
Clustered,AHCFA,26,9,36,5
Clustered,AHCFA,26,10,39,3
Clustered,AHCFA,26,11,40,1
Clustered,AHCFA,26,12,45,5
Clustered,AHCFA,27,1,5,5
Clustered,AHCFA,27,2,14,9
Clustered,AHCFA,27,3,27,13
Clustered,AHCFA,27,4,36,9
Clustered,AHCFA,27,5,43,7
Clustered,AHCFA,27,6,52,9
Clustered,AHCFA,27,7,62,10
Clustered,AHCFA,27,8,67,5
Clustered,AHCFA,27,9,74,7
Clustered,AHCFA,27,10,84,10
Clustered,AHCFA,27,11,94,10
Clustered,AHCFA,27,12,102,8
Clustered,AHCFA,28,1,4,4
Clustered,AHCFA,28,2,8,4
Clustered,AHCFA,28,3,20,12
Clustered,AHCFA,28,4,27,7
Clustered,AHCFA,28,5,28,1
Clustered,AHCFA,28,6,29,1
Clustered,AHCFA,28,7,32,3
Clustered,AHCFA,28,8,32,0
Clustered,AHCFA,28,9,35,3
Clustered,AHCFA,28,10,38,3
Clustered,AHCFA,28,11,47,9
Clustered,AHCFA,28,12,55,8
Clustered,AHCFA,29,1,3,3
Clustered,AHCFA,29,2,12,9
Clustered,AHCFA,29,3,18,6
Clustered,AHCFA,29,4,23,5
Clustered,AHCFA,29,5,30,7
Clustered,AHCFA,29,6,36,6
Clustered,AHCFA,29,7,42,6
Clustered,AHCFA,29,8,46,4
Clustered,AHCFA,29,9,49,3
Clustered,AHCFA,29,10,50,1
Clustered,AHCFA,29,11,52,2
Clustered,AHCFA,29,12,55,3
Clustered,AHCFA,30,1,4,4
Clustered,AHCFA,30,2,12,8
Clustered,AHCFA,30,3,22,10
Clustered,AHCFA,30,4,27,5
Clustered,AHCFA,30,5,33,6
Clustered,AHCFA,30,6,40,7
Clustered,AHCFA,30,7,51,11
Clustered,AHCFA,30,8,60,9
Clustered,AHCFA,30,9,68,8
Clustered,AHCFA,30,10,74,6
Clustered,AHCFA,30,11,83,9
Clustered,AHCFA,30,12,93,10
Clustered,AHCFA,31,1,3,3
Clustered,AHCFA,31,2,9,6
Clustered,AHCFA,31,3,19,10
Clustered,AHCFA,31,4,23,4
Clustered,AHCFA,31,5,27,4
Clustered,AHCFA,31,6,33,6
Clustered,AHCFA,31,7,40,7
Clustered,AHCFA,31,8,47,7
Clustered,AHCFA,31,9,56,9
Clustered,AHCFA,31,10,60,4
Clustered,AHCFA,31,11,65,5
Clustered,AHCFA,31,12,69,4
Clustered,AHCFA,32,1,2,2
Clustered,AHCFA,32,2,7,5
Clustered,AHCFA,32,3,13,6
Clustered,AHCFA,32,4,23,10
Clustered,AHCFA,32,5,30,7
Clustered,AHCFA,32,6,36,6
Clustered,AHCFA,32,7,41,5
Clustered,AHCFA,32,8,53,12
Clustered,AHCFA,32,9,59,6
Clustered,AHCFA,32,10,65,6
Clustered,AHCFA,32,11,70,5
Clustered,AHCFA,32,12,77,7
Clustered,AHCFA,33,1,5,5
Clustered,AHCFA,33,2,8,3
Clustered,AHCFA,33,3,13,5
Clustered,AHCFA,33,4,24,11
Clustered,AHCFA,33,5,31,7
Clustered,AHCFA,33,6,37,6
Clustered,AHCFA,33,7,41,4
Clustered,AHCFA,33,8,50,9
Clustered,AHCFA,33,9,56,6
Clustered,AHCFA,33,10,63,7
Clustered,AHCFA,33,11,66,3
Clustered,AHCFA,33,12,75,9
Clustered,AHCFA,34,1,2,2
Clustered,AHCFA,34,2,5,3
Clustered,AHCFA,34,3,16,11
Clustered,AHCFA,34,4,24,8
Clustered,AHCFA,34,5,31,7
Clustered,AHCFA,34,6,34,3
Clustered,AHCFA,34,7,42,8
Clustered,AHCFA,34,8,48,6
Clustered,AHCFA,34,9,55,7
Clustered,AHCFA,34,10,59,4
Clustered,AHCFA,34,11,67,8
Clustered,AHCFA,34,12,71,4
Clustered,AHCFA,35,1,5,5
Clustered,AHCFA,35,2,10,5
Clustered,AHCFA,35,3,14,4
Clustered,AHCFA,35,4,17,3
Clustered,AHCFA,35,5,22,5
Clustered,AHCFA,35,6,26,4
Clustered,AHCFA,35,7,29,3
Clustered,AHCFA,35,8,32,3
Clustered,AHCFA,35,9,35,3
Clustered,AHCFA,35,10,39,4
Clustered,AHCFA,35,11,45,6
Clustered,AHCFA,35,12,50,5
Clustered,AHCFA,36,1,0,0
Clustered,AHCFA,36,2,9,9
Clustered,AHCFA,36,3,15,6
Clustered,AHCFA,36,4,21,6
Clustered,AHCFA,36,5,26,5
Clustered,AHCFA,36,6,34,8
Clustered,AHCFA,36,7,40,6
Clustered,AHCFA,36,8,45,5
Clustered,AHCFA,36,9,54,9
Clustered,AHCFA,36,10,59,5
Clustered,AHCFA,36,11,64,5
Clustered,AHCFA,36,12,72,8
Clustered,AHCFA,37,1,9,9
Clustered,AHCFA,37,2,14,5
Clustered,AHCFA,37,3,22,8
Clustered,AHCFA,37,4,29,7
Clustered,AHCFA,37,5,33,4
Clustered,AHCFA,37,6,41,8
Clustered,AHCFA,37,7,45,4
Clustered,AHCFA,37,8,49,4
Clustered,AHCFA,37,9,58,9
Clustered,AHCFA,37,10,65,7
Clustered,AHCFA,37,11,73,8
Clustered,AHCFA,37,12,78,5
Clustered,AHCFA,38,1,5,5
Clustered,AHCFA,38,2,12,7
Clustered,AHCFA,38,3,17,5
Clustered,AHCFA,38,4,22,5
Clustered,AHCFA,38,5,28,6
Clustered,AHCFA,38,6,36,8
Clustered,AHCFA,38,7,42,6
Clustered,AHCFA,38,8,46,4
Clustered,AHCFA,38,9,52,6
Clustered,AHCFA,38,10,56,4
Clustered,AHCFA,38,11,63,7
Clustered,AHCFA,38,12,71,8
Clustered,AHCFA,39,1,2,2
Clustered,AHCFA,39,2,9,7
Clustered,AHCFA,39,3,18,9
Clustered,AHCFA,39,4,22,4
Clustered,AHCFA,39,5,29,7
Clustered,AHCFA,39,6,38,9
Clustered,AHCFA,39,7,41,3
Clustered,AHCFA,39,8,46,5
Clustered,AHCFA,39,9,53,7
Clustered,AHCFA,39,10,61,8
Clustered,AHCFA,39,11,67,6
Clustered,AHCFA,39,12,72,5
Clustered,AHCFA,40,1,3,3
Clustered,AHCFA,40,2,11,8
Clustered,AHCFA,40,3,17,6
Clustered,AHCFA,40,4,28,11
Clustered,AHCFA,40,5,34,6
Clustered,AHCFA,40,6,42,8
Clustered,AHCFA,40,7,48,6
Clustered,AHCFA,40,8,58,10
Clustered,AHCFA,40,9,63,5
Clustered,AHCFA,40,10,69,6
Clustered,AHCFA,40,11,77,8
Clustered,AHCFA,40,12,83,6
Clustered,AHCFA,41,1,2,2
Clustered,AHCFA,41,2,7,5
Clustered,AHCFA,41,3,15,8
Clustered,AHCFA,41,4,20,5
Clustered,AHCFA,41,5,25,5
Clustered,AHCFA,41,6,32,7
Clustered,AHCFA,41,7,38,6
Clustered,AHCFA,41,8,40,2
Clustered,AHCFA,41,9,46,6
Clustered,AHCFA,41,10,53,7
Clustered,AHCFA,41,11,58,5
Clustered,AHCFA,41,12,62,4
Clustered,AHCFA,42,1,3,3
Clustered,AHCFA,42,2,11,8
Clustered,AHCFA,42,3,18,7
Clustered,AHCFA,42,4,24,6
Clustered,AHCFA,42,5,27,3
Clustered,AHCFA,42,6,34,7
Clustered,AHCFA,42,7,38,4
Clustered,AHCFA,42,8,43,5
Clustered,AHCFA,42,9,49,6
Clustered,AHCFA,42,10,55,6
Clustered,AHCFA,42,11,60,5
Clustered,AHCFA,42,12,66,6
Clustered,AHCFA,43,1,5,5
Clustered,AHCFA,43,2,9,4
Clustered,AHCFA,43,3,14,5
Clustered,AHCFA,43,4,23,9
Clustered,AHCFA,43,5,33,10
Clustered,AHCFA,43,6,37,4
Clustered,AHCFA,43,7,42,5
Clustered,AHCFA,43,8,47,5
Clustered,AHCFA,43,9,54,7
Clustered,AHCFA,43,10,57,3
Clustered,AHCFA,43,11,62,5
Clustered,AHCFA,43,12,64,2
Clustered,AHCFA,44,1,1,1
Clustered,AHCFA,44,2,10,9
Clustered,AHCFA,44,3,13,3
Clustered,AHCFA,44,4,18,5
Clustered,AHCFA,44,5,23,5
Clustered,AHCFA,44,6,29,6
Clustered,AHCFA,44,7,33,4
Clustered,AHCFA,44,8,36,3
Clustered,AHCFA,44,9,46,10
Clustered,AHCFA,44,10,52,6
Clustered,AHCFA,44,11,64,12
Clustered,AHCFA,44,12,68,4
Clustered,AHCFA,45,1,2,2
Clustered,AHCFA,45,2,4,2
Clustered,AHCFA,45,3,7,3
Clustered,AHCFA,45,4,14,7
Clustered,AHCFA,45,5,20,6
Clustered,AHCFA,45,6,29,9
Clustered,AHCFA,45,7,34,5
Clustered,AHCFA,45,8,37,3
Clustered,AHCFA,45,9,46,9
Clustered,AHCFA,45,10,51,5
Clustered,AHCFA,45,11,53,2
Clustered,AHCFA,45,12,58,5
Clustered,AHCFA,46,1,6,6
Clustered,AHCFA,46,2,10,4
Clustered,AHCFA,46,3,18,8
Clustered,AHCFA,46,4,26,8
Clustered,AHCFA,46,5,32,6
Clustered,AHCFA,46,6,41,9
Clustered,AHCFA,46,7,48,7
Clustered,AHCFA,46,8,50,2
Clustered,AHCFA,46,9,53,3
Clustered,AHCFA,46,10,57,4
Clustered,AHCFA,46,11,59,2
Clustered,AHCFA,46,12,65,6
Clustered,AHCFA,47,1,10,10
Clustered,AHCFA,47,2,15,5
Clustered,AHCFA,47,3,23,8
Clustered,AHCFA,47,4,29,6
Clustered,AHCFA,47,5,36,7
Clustered,AHCFA,47,6,39,3
Clustered,AHCFA,47,7,43,4
Clustered,AHCFA,47,8,44,1
Clustered,AHCFA,47,9,45,1
Clustered,AHCFA,47,10,49,4
Clustered,AHCFA,47,11,50,1
Clustered,AHCFA,47,12,51,1
Clustered,AHCFA,48,1,6,6
Clustered,AHCFA,48,2,8,2
Clustered,AHCFA,48,3,16,8
Clustered,AHCFA,48,4,24,8
Clustered,AHCFA,48,5,31,7
Clustered,AHCFA,48,6,36,5
Clustered,AHCFA,48,7,42,6
Clustered,AHCFA,48,8,50,8
Clustered,AHCFA,48,9,56,6
Clustered,AHCFA,48,10,62,6
Clustered,AHCFA,48,11,70,8
Clustered,AHCFA,48,12,74,4
Clustered,AHCFA,49,1,5,5
Clustered,AHCFA,49,2,10,5
Clustered,AHCFA,49,3,14,4
Clustered,AHCFA,49,4,22,8
Clustered,AHCFA,49,5,29,7
Clustered,AHCFA,49,6,36,7
Clustered,AHCFA,49,7,44,8
Clustered,AHCFA,49,8,51,7
Clustered,AHCFA,49,9,59,8
Clustered,AHCFA,49,10,66,7
Clustered,AHCFA,49,11,73,7
Clustered,AHCFA,49,12,80,7
Clustered,AHCFA,50,1,4,4
Clustered,AHCFA,50,2,7,3
Clustered,AHCFA,50,3,15,8
Clustered,AHCFA,50,4,20,5
Clustered,AHCFA,50,5,25,5
Clustered,AHCFA,50,6,32,7
Clustered,AHCFA,50,7,37,5
Clustered,AHCFA,50,8,44,7
Clustered,AHCFA,50,9,52,8
Clustered,AHCFA,50,10,60,8
Clustered,AHCFA,50,11,67,7
Clustered,AHCFA,50,12,74,7
